<?xml version="1.0" encoding="utf-8" standalone="yes" ?>
<Window size="490,350" sizebox="4,4,6,6" caption="0,0,0,30">
    <VerticalLayout name="form_layout" pos="0,0,490,360" width="490" height="360" bkcolor="#FF35393D">
        <HorizontalLayout name="caption_layout" pos="0,0,490,25" width="490" height="25">
            <Button name="close_btn" float="true" pos="459,7,484,18" textcolor="#FF000000" disabledtextcolor="#FFA7A6AA" align="center" normalimage="file=&apos;close_btn.png&apos; source=&apos;0,0,25,11&apos; mask=&apos;0xffff00ff&apos;" hotimage="file=&apos;close_btn.png&apos; source=&apos;0,0,25,11&apos; mask=&apos;0xffff00ff&apos;" pushedimage="file=&apos;close_btn.png&apos; source=&apos;0,0,25,11&apos; mask=&apos;0xffff00ff&apos;" />
            <Button name="nor_btn" float="true" pos="432,7,457,18" textcolor="#FF000000" disabledtextcolor="#FFA7A6AA" align="center" normalimage="file=&apos;norm_btn.png&apos; source=&apos;0,0,25,11&apos; mask=&apos;0xffff00ff&apos;" hotimage="file=&apos;norm_btn.png&apos; source=&apos;0,0,25,11&apos; mask=&apos;0xffff00ff&apos;" pushedimage="file=&apos;norm_btn.png&apos; source=&apos;0,0,25,11&apos; mask=&apos;0xffff00ff&apos;" />
            <Button name="min_btn" float="true" pos="405,7,430,18" textcolor="#FF000000" disabledtextcolor="#FFA7A6AA" align="center" normalimage="file=&apos;min_btn.png&apos; source=&apos;0,0,25,11&apos; mask=&apos;0xffff00ff&apos;" hotimage="file=&apos;min_btn.png&apos; source=&apos;0,0,25,11&apos; mask=&apos;0xffff00ff&apos;" pushedimage="file=&apos;min_btn.png&apos; source=&apos;0,0,25,11&apos; mask=&apos;0xffff00ff&apos;" />
        </HorizontalLayout>
        <HorizontalLayout name="lower_layout" pos="0,25,490,345" width="490" height="320">
            <VerticalLayout name="about_left_layout" pos="0,0,5,320" width="5" height="320" />
            <VerticalLayout name="about_layout" pos="5,0,485,320" width="480" height="320" bkcolor="#FFFFFFFF">
                <Label name="balancesoft_logo" float="true" pos="62,25,443,96" bkimage="file=&apos;balancesoft.png&apos; dest=&apos;0,0,500,130&apos; source=&apos;0,0,500,130&apos;" textcolor="#FF000000" disabledtextcolor="#FFA7A6AA" />
                <Text name="about_soft_name_txt" text="" float="true" pos="113,107,365,120" textpadding="2,0,2,0" textcolor="#FF000000" disabledtextcolor="#FFA7A6AA" align="wrap" />
                <Label name="about_corp_name_label" text="" float="true" pos="113,128,351,141" textcolor="#FF000000" disabledtextcolor="#FFA7A6AA" />
                <Label name="right_reserved_label" text="" float="true" pos="113,150,345,163" textcolor="#FF000000" disabledtextcolor="#FFA7A6AA" />
                <Text name="license_txt" text="" float="true" pos="49,188,445,292" textpadding="2,0,2,0" textcolor="#FF000000" disabledtextcolor="#FFA7A6AA" align="wrap" />
                <Text name="notice_txt" float="true" pos="48,307,444,315" textpadding="2,0,2,0" textcolor="#FF000000" disabledtextcolor="#FFA7A6AA" align="wrap" />
            </VerticalLayout>
            <VerticalLayout name="about_right_layout" pos="485,0,490,420" width="5" height="420" />
        </HorizontalLayout>
    </VerticalLayout>
</Window>
