<?xml version="1.0" encoding="utf-8" standalone="yes" ?>
    <VerticalLayout name="form_layout" pos="0,0,760,400" width="760" height="400" bkcolor="#FFFFFFFF">
      <HorizontalLayout>
        <Button name="pref_btn" text="选项" visible="false" float="true" align="left" pos="46,28,346,98" bkimage="file=&apos;preference.png&apos; dest=&apos;5,20,37,51&apos; source=&apos;0,0,32,31&apos;" textpadding="36,0,2,0" textcolor="#FF000000" disabledtextcolor="#FFA7A6AA" showhtml="true" hottextcolor="#FF0000DF" />
        <HorizontalLayout name="lower_layout" pos="0,0,760,28" width="760" height="28" />
        <Button name="about_info_btn" text="关于BIT跟踪" float="true" align="left" pos="46,165,346,235" bkimage="file=&apos;about.png&apos; dest=&apos;7,20,33,51&apos; source=&apos;0,0,26,31&apos;" textpadding="36,0,2,0" textcolor="#FF000000" disabledtextcolor="#FFA7A6AA" showhtml="true" hottextcolor="#FF0000DF" />
        <Button name="diag_btn" text="诊断" visible="false" float="true" align="left" pos="46,166,346,236" bkimage="file=&apos;diagnostic.png&apos; dest=&apos;6,20,35,51&apos; source=&apos;0,0,29,31&apos;" textpadding="36,0,2,0" textcolor="#FF000000" disabledtextcolor="#FFA7A6AA" showhtml="true" hottextcolor="#FF0000DF" />
        <Button name="forum_btn" text="BIT跟踪论坛" float="true" align="left" pos="46,96,346,166" bkimage="file=&apos;forums.png&apos; dest=&apos;5,20,37,51&apos; source=&apos;0,0,32,31&apos;" textpadding="36,0,2,0" textcolor="#FF000000" disabledtextcolor="#FFA7A6AA" showhtml="true" hottextcolor="#FF0000DF" />
        <Button name="help_btn" text="帮助" float="true" align="left" pos="46,27,346,97" bkimage="file=&apos;help.png&apos; dest=&apos;7,20,34,52&apos; source=&apos;0,0,27,32&apos;" textpadding="36,0,2,0" textcolor="#FF000000" disabledtextcolor="#FFA7A6AA" showhtml="true" hottextcolor="#FF0000DF" />
        <Button name="update_btn" text="更新BIT跟踪 (请注意防火墙设置)" float="true" align="left" pos="46,234,346,304" bkimage="file=&apos;update.png&apos; dest=&apos;6,20,34,50&apos; source=&apos;0,0,28,30&apos;" textpadding="36,0,2,0" textcolor="#FF000000" disabledtextcolor="#FFA7A6AA" showhtml="true" hottextcolor="#FF0000DF" />
        <Button name="conf_btn" text="配置文件管理" visible="false" float="true" align="left" pos="46,97,346,167" bkimage="file=&apos;conf_manage.png&apos; dest=&apos;5,20,27,51&apos; source=&apos;0,0,32,31&apos;" textpadding="36,0,2,0" textcolor="#FF000000" disabledtextcolor="#FFA7A6AA" showhtml="true" hottextcolor="#FF0000DF" />
		    <Button name="option_btn" text="选项" visible="true" float="true" align="left" pos="345,168,626,238" bkimage="file=&apos;setting.png&apos; dest=&apos;2,20,34,52&apos; source=&apos;0,0,32,32&apos;" textpadding="36,0,2,0" textcolor="#FF000000" disabledtextcolor="#FFA7A6AA" showhtml="true" hottextcolor="#FF0000DF" />
		    <Button name="uninstall_btn" text="卸载" float="true" align="left" pos="345,238,626,308" bkimage="file=&apos;uninstall.png&apos; dest=&apos;2,20,34,52&apos; source=&apos;0,0,32,32&apos;" textpadding="36,0,2,0" textcolor="#FF000000" disabledtextcolor="#FFA7A6AA" showhtml="true" hottextcolor="#FF0000DF" />
		    <Button name="donate_btn" text="轻点一下,支持我们" float="true" align="left" pos="345,28,626,98" bkimage="file=&apos;donate.png&apos; dest=&apos;2,20,34,52&apos; source=&apos;0,0,32,32&apos;" textpadding="36,0,2,0" textcolor="#FF000000" disabledtextcolor="#FFA7A6AA" showhtml="true" hottextcolor="#FF0000DF" />
		    <Button name="suggest_btn" text="提出建议" float="true" align="left" pos="345,98,626,168" bkimage="file=&apos;suggest.png&apos; dest=&apos;2,20,34,52&apos; source=&apos;0,0,32,32&apos;" textpadding="36,0,2,0" textcolor="#FF000000" disabledtextcolor="#FFA7A6AA" showhtml="true" hottextcolor="#FF0000DF" />
      </HorizontalLayout>
   </VerticalLayout>
