<?xml version="1.0" encoding="utf-8" standalone="yes" ?>
<Window size="770,560" sizebox="4,4,6,6" caption="0,0,0,25" mininfo="770,560" roundcorner="5,5">
    <Font name="宋体" size="19" bold="false" italic="false" />
    <Font name="黑体" size="15" bold="true" italic="false" />
    <Font name="MS Sans Serif" size="9" bold="true" italic="false" />
    <Font name="方正姚体" size="22" bold="true" italic="false" />
    <Font name="方正姚体" size="19" bold="false" italic="false" />
    <Font name="MS Sans Serif" size="23" bold="true" italic="false" />
    <Font name="MS Sans Serif" size="13" bold="true" italic="false" />
    <Font name="黑体" size="31" bold="false" italic="false" />
    <Font name="黑体" size="19" bold="false" italic="false" />
    <Font name="宋体" size="13" bold="false" italic="false" />
    <Font name="宋体" size="12" bold="false" italic="false" />
    <Font name="宋体" size="10" bold="false" italic="false" />
    <Font name="MS Sans Serif" size="8" bold="false" italic="false" />
    <Font name="黑体" size="14" bold="false" italic="false" />
  
  <Default name="VScrollBar" value="bordercolor=&quot;#ffbbbbbb&quot; button1normalimage=&quot;file=&apos;vscroll.png&apos; source=&apos;0,0,16,16&apos;&quot; button1hotimage=&quot;file=&apos;vscroll.png&apos; source=&apos;0,0,16,16&apos; mask=&apos;#FFFF00FF&apos;&quot; button1pushedimage=&quot;file=&apos;vscroll.png&apos; source=&apos;0,16,16,32&apos; mask=&apos;#FFFF00FF&apos;&quot; button1disabledimage=&quot;file=&apos;vscroll.png&apos; source=&apos;0,0,16,16&apos; mask=&apos;#FFFF00FF&apos;&quot; button2normalimage=&quot;file=&apos;vscroll.png&apos; source=&apos;0,32,16,48&apos; mask=&apos;#FFFF00FF&apos;&quot; button2hotimage=&quot;file=&apos;vscroll.png&apos; source=&apos;0,32,16,48&apos; mask=&apos;#FFFF00FF&apos;&quot; button2pushedimage=&quot;file=&apos;vscroll.png&apos; source=&apos;0,48,16,64&apos; mask=&apos;#FFFF00FF&apos;&quot; button2disabledimage=&quot;file=&apos;vscroll.png&apos; source=&apos;0,32,16,48&apos; mask=&apos;#FFFF00FF&apos;&quot; thumbnormalimage=&quot;file=&apos;vscroll.png&apos; source=&apos;0,64,16,80&apos; corner=&apos;2,2,2,2&apos; mask=&apos;#FFFF00FF&apos;&quot; thumbhotimage=&quot;file=&apos;vscroll.png&apos; source=&apos;0,64,16,80&apos; corner=&apos;2,2,2,2&apos; mask=&apos;#FFFF00FF&apos;&quot; thumbpushedimage=&quot;ffile=&apos;vscroll.png&apos; source=&apos;0,64,16,80&apos; corner=&apos;2,2,2,2&apos; mask=&apos;#FFFF00FF&apos;&quot; thumbdisabledimage=&quot;file=&apos;vscroll.png&apos; source=&apos;0,64,16,80&apos; corner=&apos;2,2,2,2&apos; mask=&apos;#FFFF00FF&apos;&quot; railnormalimage=&quot;file=&apos;vscroll.png&apos; source=&apos;0,80,16,96&apos; corner=&apos;2,2,2,2&apos; mask=&apos;#FFFF00FF&apos;&quot; railhotimage=&quot;file=&apos;vscroll.png&apos; source=&apos;0,80,16,96&apos; corner=&apos;2,2,2,2&apos; mask=&apos;#FFFF00FF&apos;&quot; railpushedimage=&quot;file=&apos;vscroll.png&apos; source=&apos;0,96,16,112&apos; corner=&apos;2,2,2,2&apos; mask=&apos;#FFFF00FF&apos;&quot; raildisabledimage=&quot;file=&apos;vscroll.png&apos; source=&apos;0,80,16,96&apos; corner=&apos;2,2,2,2&apos; mask=&apos;#FFFF00FF&apos;&quot; bknormalimage=&quot;file=&apos;vscroll.png&apos; source=&apos;0,128,16,146&apos; corner=&apos;2,2,2,2&apos; mask=&apos;#FFFF00FF&apos;&quot; bkhotimage=&quot;file=&apos;vscroll.png&apos; source=&apos;0,128,16,146&apos; corner=&apos;2,2,2,2&apos; mask=&apos;#FFFF00FF&apos;&quot; bkpushedimage=&quot;file=&apos;vscroll.png&apos; source=&apos;0,128,16,146&apos; corner=&apos;2,2,2,2&apos; mask=&apos;#FFFF00FF&apos;&quot; bkdisabledimage=&quot;file=&apos;vscroll.png&apos; source=&apos;0,128,16,146&apos; corner=&apos;2,2,2,2&apos; mask=&apos;#FFFF00FF&apos;&quot; " />
  <Default name="HScrollBar" value="bordercolor=&quot;#ffbbbbbb&quot; button1normalimage=&quot;file=&apos;hscroll.png&apos; source=&apos;0,0,16,16&apos;&quot; button1hotimage=&quot;file=&apos;hscroll.png&apos; source=&apos;0,0,16,16&apos; mask=&apos;#FFFF00FF&apos;&quot; button1pushedimage=&quot;file=&apos;hscroll.png&apos; source=&apos;0,16,16,32&apos; mask=&apos;#FFFF00FF&apos;&quot; button1disabledimage=&quot;file=&apos;hscroll.png&apos; source=&apos;0,0,16,16&apos; mask=&apos;#FFFF00FF&apos;&quot; button2normalimage=&quot;file=&apos;hscroll.png&apos; source=&apos;0,32,16,48&apos; mask=&apos;#FFFF00FF&apos;&quot; button2hotimage=&quot;file=&apos;hscroll.png&apos; source=&apos;0,32,16,48&apos; mask=&apos;#FFFF00FF&apos;&quot; button2pushedimage=&quot;file=&apos;hscroll.png&apos; source=&apos;0,48,16,64&apos; mask=&apos;#FFFF00FF&apos;&quot; button2disabledimage=&quot;file=&apos;hscroll.png&apos; source=&apos;0,32,16,48&apos; mask=&apos;#FFFF00FF&apos;&quot; thumbnormalimage=&quot;file=&apos;hscroll.png&apos; source=&apos;0,64,16,80&apos; corner=&apos;2,2,2,2&apos; mask=&apos;#FFFF00FF&apos;&quot; thumbhotimage=&quot;file=&apos;hscroll.png&apos; source=&apos;0,64,16,80&apos; corner=&apos;2,2,2,2&apos; mask=&apos;#FFFF00FF&apos;&quot; thumbpushedimage=&quot;ffile=&apos;hscroll.png&apos; source=&apos;0,64,16,80&apos; corner=&apos;2,2,2,2&apos; mask=&apos;#FFFF00FF&apos;&quot; thumbdisabledimage=&quot;file=&apos;hscroll.png&apos; source=&apos;0,64,16,80&apos; corner=&apos;2,2,2,2&apos; mask=&apos;#FFFF00FF&apos;&quot; railnormalimage=&quot;file=&apos;hscroll.png&apos; source=&apos;0,80,16,96&apos; corner=&apos;2,2,2,2&apos; mask=&apos;#FFFF00FF&apos;&quot; railhotimage=&quot;file=&apos;hscroll.png&apos; source=&apos;0,80,16,96&apos; corner=&apos;2,2,2,2&apos; mask=&apos;#FFFF00FF&apos;&quot; railpushedimage=&quot;file=&apos;hscroll.png&apos; source=&apos;0,96,16,112&apos; corner=&apos;2,2,2,2&apos; mask=&apos;#FFFF00FF&apos;&quot; raildisabledimage=&quot;file=&apos;hscroll.png&apos; source=&apos;0,80,16,96&apos; corner=&apos;2,2,2,2&apos; mask=&apos;#FFFF00FF&apos;&quot; bknormalimage=&quot;file=&apos;hscroll.png&apos; source=&apos;0,128,16,146&apos; corner=&apos;2,2,2,2&apos; mask=&apos;#FFFF00FF&apos;&quot; bkhotimage=&quot;file=&apos;hscroll.png&apos; source=&apos;0,128,16,146&apos; corner=&apos;2,2,2,2&apos; mask=&apos;#FFFF00FF&apos;&quot; bkpushedimage=&quot;file=&apos;hscroll.png&apos; source=&apos;0,128,16,146&apos; corner=&apos;2,2,2,2&apos; mask=&apos;#FFFF00FF&apos;&quot; bkdisabledimage=&quot;file=&apos;hscroll.png&apos; source=&apos;0,128,16,146&apos; corner=&apos;2,2,2,2&apos; mask=&apos;#FFFF00FF&apos;&quot; " />
  <VerticalLayout name="form_layout" pos="3,0,3,0" bkimage="green_grass.jpg" bkcolor="#FF35393D" inset="1,0,1,0">
        <HorizontalLayout name="caption_layout" height="48">
          <VerticalLayout >

            <HorizontalLayout height="20">
              <Text name="static_logo" text="比特跟踪" bordersize="0" float="true" pos="25,1,105,20" textpadding="2,6,2,0" textcolor="#00eeeeee" disabledtextcolor="#FFA7A6AA" font="13" align="centerwrap" />
            </HorizontalLayout>

            <HorizontalLayout name="nav_bar_layout" pos="1,0,0,28" relativebase="602,25">
              <!--<Text name="static_logo" text="比特跟踪" bordersize="0" float="true" pos="10,7,110,18" textpadding="2,6,2,0" textcolor="#00FFFBF0" disabledtextcolor="#FFA7A6AA" font="4" align="centerwrap" />-->
              <Label name="logo_icon" bordersize="0" float="true" pos="10,3,31,28" tooltip="" bkimage="file=&apos;logo.png&apos; source=&apos;0,0,21,26&apos; mask=&apos;0xff000000&apos;" textpadding="2,6,2,0" textcolor="#00FFFBF0" disabledtextcolor="#FFA7A6AA" font="4" align="centerwrap" />
              <!--<Text name="static_logo" text="比特跟踪" bordersize="0" float="true" pos="402,1,510,41" textpadding="2,6,2,0" textcolor="#00FFFBF0" disabledtextcolor="#FFA7A6AA" font="4" align="centerwrap" />-->
              <!--<Option name="trace_btn" text="跟  踪" float="true" pos="170,0,360,30" relativepos="5,0,30,0" textpadding="20,6,0,0" textcolor="#00FFFBF0" disabledtextcolor="#00A0A0A4" font="3" align="top" normalimage="file=&apos;summary_btn.png&apos; dest=&apos;0,0,154,30&apos; source=&apos;0,10,154,40&apos; mask=&apos;0xff000000&apos;" hotimage="file=&apos;summary_btn.png&apos; dest=&apos;0,0,154,30&apos; source=&apos;0,10,154,40&apos; mask=&apos;0xff000000&apos;" pushedimage="file=&apos;summary_btn.png&apos; dest=&apos;0,0,154,30&apos; source=&apos;0,10,154,40&apos; mask=&apos;0xff000000&apos;"  bkstyle="4" group="navi_bar" selectedimage="file=&apos;summary_btn.png&apos; dest=&apos;0,0,154,30&apos; source=&apos;0,10,154,40&apos; mask=&apos;0xff000000&apos;" />-->
              <!--<Option name="trigger_btn" text="工具" float="true" pos="299,1,453,41" relativepos="35,0,30,0" textpadding="20,6,0,0" textcolor="#00FFFBF0" disabledtextcolor="#FFA7A6AA" font="3" align="top" normalimage="file=&apos;net_manage_btn.png&apos; source=&apos;0,0,154,40&apos; mask=&apos;0xff000000&apos;" hotimage="file=&apos;net_manage_btn.png&apos; source=&apos;0,0,154,40&apos; mask=&apos;0xff000000&apos;" pushedimage="file=&apos;net_manage_btn.png&apos; source=&apos;0,0,154,40&apos; mask=&apos;0xff000000&apos;" bkstyle="4" group="navi_bar" selectedimage="file=&apos;net_manage_btn.png&apos; source=&apos;0,0,154,40&apos; mask=&apos;0xff000000&apos;" />-->
              <Button name="open_btn" float="true" pos="40,5,63,28" tooltip="打开" textpadding="2,6,2,0" textcolor="#00FFFBF0" disabledtextcolor="#FFA7A6AA" font="4" normalimage="file=&apos;main_toolbar.png&apos; dest=&apos;0,0,23,23&apos; source=&apos;5,3,28,23&apos; mask=&apos;0xffff00ff&apos;" align="centerwrap" />
              <Button name="save_btn" float="true" pos="65,5,88,28" tooltip="保存" textpadding="2,6,2,0" textcolor="#00FFFBF0" disabledtextcolor="#FFA7A6AA" font="4" normalimage="file=&apos;main_toolbar.png&apos; dest=&apos;0,0,23,23&apos; source=&apos;28,3,51,23&apos; mask=&apos;0xffff00ff&apos;" align="centerwrap" />
              <Option name="switch_btn" float="true" pos="92,5,115,28" tooltip="开启/关闭" textpadding="2,5,2,0" textcolor="#00FFFBF0" disabledtextcolor="#FFA7A6AA" font="4" normalimage="file=&apos;main_toolbar.png&apos; dest=&apos;0,0,23,23&apos; source=&apos;75,3,98,23&apos; mask=&apos;0xffff00ff&apos;" bkstyle="0" selectedimage="file=&apos;main_toolbar_closed.png&apos; dest=&apos;0,0,23,23&apos; source=&apos;75,3,98,23&apos;" selectedhotimage="file=&apos;main_toolbar_closed.png&apos; dest=&apos;0,0,23,23&apos; source=&apos;75,3,98,23&apos;" align="centerwrap" />
              <Option name="auto_scroll_btn" float="true" pos="117,5,140,28"  tooltip="自动滚动" textpadding="2,5,2,0" textcolor="#00FFFBF0" disabledtextcolor="#FFA7A6AA" font="4" normalimage="file=&apos;main_toolbar_closed.png&apos; dest=&apos;0,0,23,23&apos; source=&apos;99,3,122,23&apos; mask=&apos;0xffff00ff&apos;" bkstyle="0" selectedimage="file=&apos;main_toolbar.png&apos; dest=&apos;0,0,23,23&apos; source=&apos;99,3,122,23&apos;" selectedhotimage="file=&apos;main_toolbar.png&apos; dest=&apos;0,0,23,23&apos; source=&apos;99,3,122,23&apos;" align="centerwrap" />
              <Button name="erase_btn" float="true" pos="142,5,165,28" tooltip="清除" textpadding="2,6,2,0" textcolor="#00FFFBF0" disabledtextcolor="#FFA7A6AA" font="4" normalimage="file=&apos;main_toolbar.png&apos; dest=&apos;0,0,23,23&apos; source=&apos;121,3,144,23&apos; mask=&apos;0xffff00ff&apos;" align="centerwrap" />
              <Button name="filter_btn" float="true" pos="167,5,190,28" tooltip="过滤" textpadding="2,6,2,0" textcolor="#00FFFBF0" disabledtextcolor="#FFA7A6AA" font="4" normalimage="file=&apos;main_toolbar.png&apos; dest=&apos;0,0,23,23&apos; source=&apos;167,3,190,23&apos; mask=&apos;0xffff00ff&apos;" align="centerwrap" />
              <Button name="target_btn" float="true" pos="192,5,215,28"  tooltip="选择进程" textpadding="2,6,2,0" textcolor="#00FFFBF0" disabledtextcolor="#FFA7A6AA" font="4" normalimage="file=&apos;main_toolbar.png&apos; dest=&apos;0,0,23,23&apos; source=&apos;215,3,238,23&apos;mask=&apos;0xffff00ff&apos;" align="centerwrap" />
              <Button name="search_btn" float="true" pos="217,5,240,28" tooltip="搜索" textpadding="2,6,2,0" textcolor="#00FFFBF0" disabledtextcolor="#FFA7A6AA" font="4" normalimage="file=&apos;main_toolbar.png&apos; dest=&apos;0,0,23,23&apos; source=&apos;305,3,328,23&apos; mask=&apos;0xffff00ff&apos;" align="centerwrap" />
              <Button name="jump_to_btn" float="true" pos="242,5,265,28" tooltip="跳转至对象" textpadding="2,6,2,0" textcolor="#00FFFBF0" disabledtextcolor="#FFA7A6AA" font="4" normalimage="file=&apos;main_toolbar.png&apos; dest=&apos;0,0,23,23&apos; source=&apos;329,3,352,23&apos; mask=&apos;0xffff00ff&apos;" align="centerwrap" />
              <Option name="reg_fliter_btn" float="true" pos="267,5,290,28" tooltip="注册表事件" textpadding="2,6,2,0" textcolor="#00FFFBF0" disabledtextcolor="#FFA7A6AA" font="4" normalimage="file=&apos;main_toolbar.png&apos; dest=&apos;0,0,23,23&apos; source=&apos;374,3,397,23&apos; mask=&apos;0xffff00ff&apos;" hotimage="file=&apos;main_toolbar.png&apos; source=&apos;374,3,397,23&apos; mask=&apos;0xffff00ff&apos;" pushedimage="file=&apos;main_toobar.png&apos; source=&apos;374,3,397,23&apos; mask=&apos;0xffff00ff&apos;" bkfade="130" bkstyle="0" selectedimage="file=&apos;main_toolbar_closed.png&apos; source=&apos;374,3,397,23&apos; mask=&apos;0xffff00ff&apos;" selectedhotimage="file=&apos;main_toolbar_closed.png&apos; source=&apos;374,3,397,23&apos; mask=&apos;0xffff00ff&apos;" align="centerwrap" />
              <Option name="file_fliter_btn" float="true" pos="292,5,315,28" tooltip="文件事件" textpadding="2,6,2,0" textcolor="#00FFFBF0" disabledtextcolor="#FFA7A6AA" font="4" normalimage="file=&apos;main_toolbar.png&apos; dest=&apos;0,0,23,23&apos; source=&apos;396,3,419,23&apos; mask=&apos;0xffff00ff&apos;" hotimage="file=&apos;main_toolbar.png&apos; source=&apos;396,3,419,23&apos; mask=&apos;0xffff00ff&apos;" pushedimage="file=&apos;main_toobar.png&apos; source=&apos;396,3,419,23&apos; mask=&apos;0xffff00ff&apos;" bkstyle="0" selectedimage="file=&apos;main_toolbar_closed.png&apos; source=&apos;396,3,419,23&apos; mask=&apos;0xffff00ff&apos;" selectedhotimage="file=&apos;main_toolbar_closed.png&apos; source=&apos;396,3,419,23&apos; mask=&apos;0xffff00ff&apos;" align="centerwrap" />
              <Option name="net_fliter_btn" float="true" pos="317,5,340,28" tooltip="网络事件" textpadding="2,6,2,0" textcolor="#00FFFBF0" disabledtextcolor="#FFA7A6AA" font="4" normalimage="file=&apos;main_toolbar.png&apos; dest=&apos;0,0,23,23&apos; source=&apos;420,3,443,23&apos; mask=&apos;0xffff00ff&apos;" hotimage="file=&apos;main_toolbar.png&apos; source=&apos;420,3,443,23&apos; mask=&apos;0xffff00ff&apos;" pushedimage="file=&apos;main_toobar.png&apos; source=&apos;420,3,443,23&apos; mask=&apos;0xffff00ff&apos;" bkstyle="0" selectedimage="file=&apos;main_toolbar_closed.png&apos; source=&apos;420,3,443,23&apos; mask=&apos;0xffff00ff&apos;" selectedhotimage="file=&apos;main_toolbar_closed.png&apos; source=&apos;420,3,443,23&apos; mask=&apos;0xffff00ff&apos;" align="centerwrap" />
              <Option name="profile_filter_btn" float="true" pos="342,5,365,28" tooltip="进程事件" textpadding="2,6,2,0" textcolor="#00FFFBF0" disabledtextcolor="#FFA7A6AA" font="4" normalimage="file=&apos;main_toolbar.png&apos; dest=&apos;0,0,23,23&apos; source=&apos;465,3,488,23&apos; corner='1,1,1,1' mask=&apos;0xffff00ff&apos;" hotimage="file=&apos;main_toolbar.png&apos; source=&apos;465,3,488,23&apos; corner='1,1,1,1' mask=&apos;0xffff00ff&apos;" pushedimage="file=&apos;main_toobar.png&apos; source=&apos;465,3,488,23&apos; corner='1,1,1,1' mask=&apos;0xffff00ff&apos;" bkstyle="0" selectedimage="file=&apos;main_toolbar_closed.png&apos; source=&apos;465,3,488,23&apos; corner='1,1,1,1' mask=&apos;0xffff00ff&apos;" selectedhotimage="file=&apos;main_toolbar_closed.png&apos; source=&apos;465,3,488,23&apos; corner='1,1,1,1' mask=&apos;0xffff00ff&apos;" align="centerwrap" />
              <Option name="other_filter_btn" float="true" pos="367,5,390,28" tooltip="其它事件" textpadding="2,6,2,0" textcolor="#00FFFBF0" disabledtextcolor="#FFA7A6AA" font="4" normalimage="file=&apos;main_toolbar.png&apos; dest=&apos;0,0,23,23&apos; source=&apos;443,3,466,23&apos; mask=&apos;0xffff00ff&apos;" hotimage="file=&apos;main_toolbar.png&apos; source=&apos;443,3,466,23&apos; mask=&apos;0xffff00ff&apos;" pushedimage="file=&apos;main_toobar.png&apos; source=&apos;443,3,466,23&apos; mask=&apos;0xffff00ff&apos;" bkstyle="0" selectedimage="file=&apos;main_toolbar_closed.png&apos; source=&apos;443,3,466,23&apos; mask=&apos;0xffff00ff&apos;" selectedhotimage="file=&apos;main_toolbar_closed.png&apos; source=&apos;443,3,466,23&apos; mask=&apos;0xffff00ff&apos;" align="centerwrap" />
              <Option name="io_filter_btn" float="true" pos="390,5,413,28" tooltip="外设事件/右键点击选择目标设备" textpadding="2,6,2,0" textcolor="#00FFFBF0" disabledtextcolor="#FFA7A6AA" font="4" menu="true" normalimage="file=&apos;main_toolbar.png&apos; dest=&apos;0,0,23,23&apos; source=&apos;488,3,511,23&apos; mask=&apos;0xffff00ff&apos;" hotimage="file=&apos;main_toolbar.png&apos; source=&apos;488,3,511,23&apos; mask=&apos;0xffff00ff&apos;" pushedimage="file=&apos;main_toobar.png&apos; source=&apos;488,3,511,23&apos; mask=&apos;0xffff00ff&apos;" bkstyle="0" selectedimage="file=&apos;main_toolbar_closed.png&apos; source=&apos;488,3,511,23&apos; mask=&apos;0xffff00ff&apos;" selectedhotimage="file=&apos;main_toolbar_closed.png&apos; source=&apos;488,3,511,23&apos; mask=&apos;0xffff00ff&apos;" align="centerwrap" />
              <Option name="about_btn" float="true" pos="413,5,443,28" textpadding="2,6,2,0" textcolor="#00FFFBF0" disabledtextcolor="#FFA7A6AA" align="top" bkstyle="4" normalimage="file=&apos;main_toolbar.png&apos; source=&apos;511,3,534,23&apos; mask=&apos;0xffff00ff&apos;" hotimage="file=&apos;main_toolbar.png&apos; source=&apos;511,3,534,23&apos; mask=&apos;0xffff00ff&apos;" pushedimage="file=&apos;main_toobar.png&apos; source=&apos;511,3,534,23&apos; mask=&apos;0xffff00ff&apos;" bkstyle="0" selectedimage="file=&apos;main_toolbar_closed.png&apos; source=&apos;511,3,534,23&apos; mask=&apos;0xffff00ff&apos;" selectedhotimage="file=&apos;main_toolbar_closed.png&apos; source=&apos;511,3,534,23&apos; mask=&apos;0xffff00ff&apos;" align="centerwrap" />
            </HorizontalLayout>
          </VerticalLayout>

          <VerticalLayout width="162">
            <HorizontalLayout>
              <Button name="close_btn" tooltip="关闭" float="true" pos="-56,7,-30,18" textcolor="#FF000000" disabledtextcolor="#FFA7A6AA" align="center" normalimage="file=&apos;close_btn.png&apos; source=&apos;0,0,25,11&apos; mask=&apos;0xffff00ff&apos;" hotimage="file=&apos;close_btn.png&apos; source=&apos;0,0,25,11&apos; mask=&apos;0xffff00ff&apos;" pushedimage="file=&apos;close_btn.png&apos; source=&apos;0,0,25,11&apos; mask=&apos;0xffff00ff&apos;" hotbkclr="#0F8FC42E" pushedbkclr="#0F749A2E" bkfade="130" bkstyle="2" />
            <Button name="nor_btn" tooltip="还原" visible="false" float="true" pos="-83,7,-57,18" textcolor="#FF000000" disabledtextcolor="#FFA7A6AA" align="center" normalimage="file=&apos;norm_btn.png&apos; source=&apos;0,0,25,11&apos; mask=&apos;0xffff00ff&apos;" hotimage="file=&apos;norm_btn.png&apos; source=&apos;0,0,25,11&apos; mask=&apos;0xffff00ff&apos;" pushedimage="file=&apos;norm_btn.png&apos; source=&apos;0,0,25,11&apos; mask=&apos;0xffff00ff&apos;" hotbkclr="#0F8FC42E" pushedbkclr="#0F749A2E" bkfade="130" bkstyle="2" />
            <Button name="max_btn" tooltip="最大化" float="true" pos="-83,7,-57,18" textcolor="#FF000000" disabledtextcolor="#FFA7A6AA" align="center" normalimage="file=&apos;max_btn.png&apos; source=&apos;0,0,25,11&apos; mask=&apos;0xffff00ff&apos;" hotimage="file=&apos;max_btn.png&apos; source=&apos;0,0,25,11&apos; mask=&apos;0xffff00ff&apos;" pushedimage="file=&apos;max_btn.png&apos; source=&apos;0,0,25,11&apos; mask=&apos;0xffff00ff&apos;" hotbkclr="#0F8FC42E" pushedbkclr="#0F749A2E" bkfade="130" bkstyle="2" />
            <Button name="min_btn" tooltip="最小化" float="true" pos="-113,7,-84,18" textcolor="#FF000000" disabledtextcolor="#FFA7A6AA" align="center" normalimage="file=&apos;min_btn.png&apos; source=&apos;0,0,25,11&apos; mask=&apos;0xffff00ff&apos;" hotimage="file=&apos;min_btn.png&apos; source=&apos;0,0,25,11&apos; mask=&apos;0xffff00ff&apos;" pushedimage="file=&apos;min_btn.png&apos; source=&apos;0,0,25,11&apos; mask=&apos;0xffff00ff&apos;" hotbkclr="#0F8FC42E" pushedbkclr="#0F749A2E" bkfade="130" bkstyle="2" />
            <Button name="ui_btn" tooltip="皮肤..." float="true" pos="-133,3,-113,23" textcolor="#FF000000" disabledtextcolor="#FFA7A6AA" align="center" normalimage="file=&apos;ui_btn_nor.png&apos; dest=&apos;3,3,17,17&apos; source=&apos;0,0,14,14&apos; mask=&apos;0xffff00ff&apos;" hotimage="file=&apos;ui_btn_hot.png&apos; source=&apos;0,0,20,20&apos; mask=&apos;0xffff00ff&apos;" pushedimage="file=&apos;ui_btn_down.png&apos; source=&apos;0,0,20,20&apos; mask=&apos;0xffff00ff&apos;" />
            </HorizontalLayout>
          </VerticalLayout>          
         </HorizontalLayout>

    <!--<HorizontalLayout name="tool_bar_upper_space" pos="0,60,0,65" />-->
      <!--<HorizontalLayout name="tool_bar_layout" pos="1,48,0,68" >
      </HorizontalLayout>-->

    <!--<HorizontalLayout name="space_span" pos="0,83,0,0" width="0" height="10">
            <HorizontalLayout name="other_part_layout" pos="0,0,0,10" width="0" height="10" />
        </HorizontalLayout>-->
        <HorizontalLayout name="low_part_layout" pos="0,68,0,0" >
            <!--<VerticalLayout name="status_tip_layout" pos="0,0,132,454" width="132" height="454">
                <Text name="work_status" float="true" pos="38,43,97,119" bkimage="file=&apos;unsafe_state.png&apos; dest=&apos;0,0,59,76&apos; source=&apos;0,0,59,76&apos; mask=&apos;0xffff00ff&apos;" textpadding="2,106,2,2" textcolor="#00FFFFFF" disabledtextcolor="#FFA7A6AA" align="centerwrap" />
                <Button name="ctrl_btn" text="开启防御 " float="true" pos="30,175,105,198" textcolor="#FF000000" disabledtextcolor="#FFA7A6AA" align="center" normalimage="file=&apos;button_nor.png&apos; dest=&apos;0,0,75,24&apos; source=&apos;0,0,75,24&apos;" hotimage="file=&apos;button_over.png&apos; dest=&apos;0,0,75,24&apos; source=&apos;0,0,75,24&apos;" pushedimage="file=&apos;button_down.png&apos; dest=&apos;0,0,75,24&apos; source=&apos;0,0,75,24&apos;" />
                <Text name="state_desc_txt" text="多功能防御还没有开启,系统在不安全状态" float="true" pos="16,126,120,162" textpadding="2,0,2,0" textcolor="#00FFFFFF" disabledtextcolor="#FFA7A6AA" align="centerwrap" />
            </VerticalLayout>
            -->
            <!--<Label name="frame_title_remain" float="true" pos="170,4,0,20" bkimage="file=&apos;frame_title_rbk.png&apos; dest=&apos;0,0,595,31&apos; source=&apos;0,0,1,31&apos;" textcolor="#FF000000" disabledtextcolor="#FFA7A6AA" />-->
            <!--<Label name="frame_title" font="9" float="true" pos="0,4,170,20" bkimage="file=&apos;frame_title_lbk.png&apos; dest=&apos;0,0,172,31&apos; source=&apos;0,0,1,31&apos;" textcolor="#FF000000" disabledtextcolor="#FFA7A6AA" font="0" align="center" />-->
          <!--<HorizontalLayout name="frame_top" pos="0,0,0,2" />-->
          <!--<HorizontalLayout name="frame_mid" pos="0,5,0,0" bkcolor="#FFFFFFFF" bordersize="1" >-->
          <TabLayout name="frame" pos="0,5,0,0" bkcolor="#FFFFFFFF" bordersize="1" >
            <trace_tab />
            <!--<tool_tab />-->
            <!--<filter_tab />-->
            <about_tab />
          </TabLayout>
        </HorizontalLayout>
    </VerticalLayout>
</Window>
