<?xml version="1.0" encoding="utf-8" standalone="yes" ?>
<Window size="379,205" sizebox="4,4,6,6" caption="0,0,0,36" roundcorner="4,4">
    <Font name="宋体" size="12" bold="false" italic="false" default="true" />
    <VerticalLayout name="form_layout" pos="0,0,380,180" width="380" height="180" bkimage="file=&apos;winbk.bmp&apos; corner=&apos;4,48,4,4&apos; mask=&apos;#FFFF00FF&apos;" inset="4,0,4,4">
        <HorizontalLayout name="caption_layout" pos="4,0,379,25" width="375" height="25">
            <Button name="close_btn" float="true" pos="344,8,369,19" textcolor="#FF000000" disabledtextcolor="#FFA7A6AA" align="center" normalimage="file=&apos;close_btn.png&apos; source=&apos;0,0,25,11&apos; mask=&apos;0xffff00ff&apos;" hotimage="file=&apos;close_btn.png&apos; source=&apos;0,0,25,11&apos; mask=&apos;0xffff00ff&apos;" pushedimage="file=&apos;close_btn.png&apos; source=&apos;0,0,25,11&apos; mask=&apos;0xffff00ff&apos;" />
            <Label name="title_label" text="绿色上网管理密码设置" float="true" pos="15,5,139,20" textcolor="#00FFFBF0" disabledtextcolor="#FFA7A6AA" />
        </HorizontalLayout>
        <HorizontalLayout name="lower_layout" pos="4,25,379,205" width="375" height="180">
            <Container name="ContainerUI1" pos="0,0,370,175" width="370" height="175" bkcolor="#FFFFFFFF">
                <Button name="ok_btn" text="设置" tooltip="Use English Language" float="true" pos="23,142,98,165" textcolor="#FF000000" disabledtextcolor="#FFA7A6AA" align="center" normalimage="file=&apos;button_nor.png&apos; dest=&apos;0,0,75,23&apos; source=&apos;0,0,75,23&apos;" hotimage="file=&apos;button_over.png&apos; dest=&apos;0,0,75,23&apos; source=&apos;0,0,75,23&apos;" pushedimage="file=&apos;button_down.png&apos; dest=&apos;0,0,75,23&apos; source=&apos;0,0,75,23&apos;" />
                <Button name="cancel_btn" text="取消" float="true" pos="202,143,277,166" textcolor="#FF000000" disabledtextcolor="#FFA7A6AA" align="center" normalimage="file=&apos;button_nor.png&apos; dest=&apos;0,0,75,23&apos; source=&apos;0,0,75,23&apos;" hotimage="file=&apos;button_over.png&apos; dest=&apos;0,0,75,23&apos; source=&apos;0,0,75,23&apos;" pushedimage="file=&apos;button_down.png&apos; dest=&apos;0,0,75,23&apos; source=&apos;0,0,75,23&apos;" />
                <Label name="old_pwd_label" text="原密码:" float="true" pos="14,51,114,70"  textcolor="#FF000000" disabledtextcolor="#FFA7A6AA" align="right" />
                <Edit name="org_pwd_edit" tooltip="请在这里输入当前的密码" float="true" pos="114,49,274,69" bkcolor="#FFFFFFFF" bordercolor="#00D1A04E" textpadding="4,3,4,3" textcolor="#FF000000" disabledtextcolor="#FFA7A6AA" password="true" />
                <Label name="new_pwd_label" text="新密码:" float="true" pos="14,81,114,101" textcolor="#FF000000" disabledtextcolor="#FFA7A6AA" align="right" />
                <Edit name="new_pwd_edit" tooltip="请在这里输入新的密码" float="true" pos="114,81,274,101" bkcolor="#FFFFFFFF" bordercolor="#00D1A04E" textpadding="4,3,4,3" textcolor="#FF000000" disabledtextcolor="#FFA7A6AA" password="true" />
                <Label name="confirm_new_label" text="确认密码:" float="true" pos="14,115,114,132" textcolor="#FF000000" disabledtextcolor="#FFA7A6AA" align="right" />
                <Edit name="confirm_pwd_edit" tooltip="请确认新的密码" float="true" pos="114,112,274,132" bkcolor="#FFFFFFFF" bordercolor="#00D1A04E" textpadding="4,3,4,3" textcolor="#FF000000" disabledtextcolor="#FFA7A6AA" password="true" />
                <Text name="tip_txt" text="注意:1.第1次设置密码时,原始密码为空.  " float="true" pos="15,12,274,38" textpadding="2,0,2,0" textcolor="#00000080" disabledtextcolor="#FFA7A6AA" align="wrap" />
                <Text name="mng_tip_txt" text="任何时候如需管理学生上网,都可以通过家长管理按钮进入此界面进行设置." float="true" pos="283,12,361,164" textpadding="2,0,2,0" textcolor="#00000080" disabledtextcolor="#FFA7A6AA" align="wrap" />
            </Container>
        </HorizontalLayout>
    </VerticalLayout>
</Window>
