<?xml version="1.0" encoding="utf-8" standalone="yes" ?>
<Window size="385,160" sizebox="4,4,6,6" caption="0,0,0,36" roundcorner="4,4">
    <Font name="宋体" size="12" bold="false" italic="false" default="true" />
    <VerticalLayout name="form_layout" pos="0,0,385,137" width="385" height="137">
        <HorizontalLayout name="caption_layout" pos="260,70,645,95" width="385" height="25">
            <Text name="title_txt" text="远程机器控制:" float="true" pos="20,4,108,21" textpadding="4,3,4,3" textcolor="#00FFFBF0" disabledtextcolor="#FFA7A6AA" align="wrap" />
            <Button name="close_btn" float="true" pos="353,7,378,18" textcolor="#FF000000" disabledtextcolor="#FFA7A6AA" align="center" normalimage="file=&apos;close_btn.png&apos; source=&apos;0,0,25,11&apos; mask=&apos;0xffff00ff&apos;" hotimage="file=&apos;close_btn.png&apos; source=&apos;0,0,25,11&apos; mask=&apos;0xffff00ff&apos;" pushedimage="file=&apos;close_btn.png&apos; source=&apos;0,0,25,11&apos; mask=&apos;0xffff00ff&apos;" hotbkclr="#0F8FC42E" pushedbkclr="#0F749A2E" bkfade="130" bkstyle="2" />
        </HorizontalLayout>
        <HorizontalLayout name="container_layout" pos="222,112,607,247" width="385" height="135">
            <VerticalLayout name="left_brd_layout" pos="84,73,89,208" width="5" height="135" />
            <VerticalLayout name="middle_contianer_layout" pos="5,0,380,130" width="375" height="130">
                <HorizontalLayout name="bottom_brd_layout" pos="436,171,976,176" width="540" height="5" />
                <HorizontalLayout name="middle_layout" pos="0,5,375,135" width="375" height="130" bkcolor="#FFFFFBF0">
                    <Combo name="action_combo" text="以规则控制通信" tooltip="点击这里选择远程控制的具体操作" float="true" pos="80,38,356,56" normalimage="file=&apos;Combo_nor.png&apos; corner=&apos;2,2,24,2&apos;" hotimage="file=&apos;Combo_over.png&apos; corner=&apos;2,2,24,2&apos;" pushedimage="file=&apos;Combo_over.png&apos; corner=&apos;2,2,24,2&apos;" dropboxsize="0,150" itemtextcolor="#FF000000" itemselectedtextcolor="#FF000000" itemselectedbkcolor="#FFC1E3FF" itemhottextcolor="#FF000000" itemhotbkcolor="#FFE9F5FF" itemdisabledtextcolor="#FFCCCCCC" itemdisabledbkcolor="#FFFFFFFF" >
						<ListLabelElement text="阻止所有通信" />
						<ListLabelElement text="允许所有通信" />
						<ListLabelElement text="以规则控制通信" selected="true" />
					</Combo>
					
                    <Edit name="hour_edit" text="0" float="true" pos="80,67,140,85" bkcolor="#FFFFFFFF" bordercolor="#0000D1A0" textpadding="4,3,4,3" textcolor="#FF000000" disabledtextcolor="#FFA7A6AA" />
					<Edit name="minite_edit" text="0" float="true" pos="176,67,236,85" bkcolor="#FFFFFFFF" bordercolor="#0000D1A0" textpadding="4,3,4,3" textcolor="#FF000000" disabledtextcolor="#FFA7A6AA" />
					<Button name="apply_btn" text="发送命令" float="true" pos="286,93,361,116" textcolor="#FF000000" disabledtextcolor="#FFA7A6AA" align="center" normalimage="file=&apos;button_nor.png&apos; dest=&apos;0,0,75,24&apos; source=&apos;0,0,75,24&apos;" hotimage="file=&apos;button_over.png&apos; dest=&apos;0,0,75,24&apos; source=&apos;0,0,75,24&apos;" pushedimage="file=&apos;button_down.png&apos; dest=&apos;0,0,75,24&apos; source=&apos;0,0,75,24&apos;" />
                    <Text name="opera_txt" text="操作:" float="true" pos="18,44,52,57" textpadding="2,0,2,0" textcolor="#FF000000" disabledtextcolor="#FFA7A6AA" align="wrap" />
                    <Button name="account_btn" text="邮箱设置" float="true" pos="204,93,279,116" textcolor="#FF000000" disabledtextcolor="#FFA7A6AA" align="center" normalimage="file=&apos;button_nor.png&apos; dest=&apos;0,0,75,24&apos; source=&apos;0,0,75,24&apos;" hotimage="file=&apos;button_over.png&apos; dest=&apos;0,0,75,24&apos; source=&apos;0,0,75,24&apos;" pushedimage="file=&apos;button_down.png&apos; dest=&apos;0,0,75,24&apos; source=&apos;0,0,75,24&apos;" />
                    <Button name="erc_sw_btn" text="开启本机远程控制服务" float="true" pos="67,93,197,116" textcolor="#FF000000" disabledtextcolor="#FFA7A6AA" align="center" normalimage="file=&apos;button_nor.png&apos; dest=&apos;0,0,130,23&apos; source=&apos;0,0,75,23&apos;" hotimage="file=&apos;button_over.png&apos; dest=&apos;0,0,130,23&apos; source=&apos;0,0,75,23&apos; corner=&apos;1,1,1,1&apos;" pushedimage="file=&apos;button_down.png&apos; dest=&apos;0,0,130,23&apos; source=&apos;0,0,75,23&apos;" />
                    <Text name="time_txt" text="保持时间:" float="true" pos="18,72,77,85" textpadding="2,0,2,0" textcolor="#FF000000" disabledtextcolor="#FFA7A6AA" align="wrap" />
                    <Text name="hour_txt" text="小时" float="true" pos="143,72,173,85" textpadding="2,0,2,0" textcolor="#FF000000" disabledtextcolor="#FFA7A6AA" align="wrap" />
                    <Button name="tip_btn" text="<a>提示信息:初次使用,请先查看这里.</a>" float="true" pos="18,10,211,26" textcolor="#FF000000" disabledtextcolor="#FFA7A6AA" showhtml="true" hottextcolor="#FFD3215F" align="wrap"  />
                    <Text name="minite_txt" text="分钟" float="true" pos="240,70,300,85" textpadding="2,0,2,0" textcolor="#FF000000" disabledtextcolor="#FFA7A6AA" align="wrap" />
                </HorizontalLayout>
            </VerticalLayout>
            <VerticalLayout name="right_brd_layout" pos="380,0,385,135" width="5" height="135" />
        </HorizontalLayout>
    </VerticalLayout>
</Window>
