<?xml version="1.0" encoding="utf-8" standalone="yes" ?>
<Window size="550,400" sizebox="4,4,6,6" caption="0,0,0,30">
    <VerticalLayout name="form_layout" width="550" height="400">
        <HorizontalLayout name="caption_layout" height="25">
            <Button name="close_btn" float="true" pos="510,7,0,0" width="25" height="11" textcolor="#FF000000" disabledtextcolor="#FFA7A6AA" align="center" normalimage="file=&apos;close_btn.png&apos; source=&apos;0,0,25,11&apos; mask=&apos;0xffff00ff&apos;" hotimage="file=&apos;close_btn.png&apos; source=&apos;0,0,25,11&apos; mask=&apos;0xffff00ff&apos;" pushedimage="file=&apos;close_btn.png&apos; source=&apos;0,0,25,11&apos; mask=&apos;0xffff00ff&apos;" />
        </HorizontalLayout>
        <HorizontalLayout name="text_layout" width="550" height="375" bkcolor="#FFFFEFC0">
          <Label text="时间:" float="true" pos="16,15,0,0" width="30" height="16" textcolor="#FF000000" disabledtextcolor="#FFA7A6AA" />
          <Label text="线程:" float="true" pos="16,34,0,0" width="30" height="16" textcolor="#FF000000" disabledtextcolor="#FFA7A6AA" />
          <Label text="行为类型:" float="true" pos="16,53,0,0" width="56" height="16" textcolor="#FF000000" disabledtextcolor="#FFA7A6AA" />
          <Label text="行为名称:" float="true" pos="16,72,0,0" width="56" height="15" textcolor="#FF000000" disabledtextcolor="#FFA7A6AA" />
          <Label text="行为源:" float="true" pos="16,91,0,0" width="56" height="15" textcolor="#FF000000" disabledtextcolor="#FFA7A6AA" />
          <Label text="行为目标:" float="true" pos="16,109,0,0" width="56" height="15" textcolor="#FF000000" disabledtextcolor="#FFA7A6AA" />
          <Label text="耗时:" float="true" pos="16,127,0,0" width="56" height="15" textcolor="#FF000000" disabledtextcolor="#FFA7A6AA" />
          <Label text="行为属性:" float="true" pos="16,145,0,0" width="56" height="18" textcolor="#FF000000" disabledtextcolor="#FFA7A6AA" />
          <Label name="time" float="true" pos="75,14,0,0" width="500" height="16" textpadding="2,0,2,0" textcolor="#FF000000" disabledtextcolor="#FFA7A6AA" align="wrap" />
          <Label name="thread" float="true" pos="75,34,0,0" width="500" height="16" textpadding="2,0,2,0" textcolor="#FF000000" disabledtextcolor="#FFA7A6AA" align="wrap" />
          <Label name="event_type" float="true" pos="75,53,0,0" width="500" height="16" textpadding="2,0,2,0" textcolor="#FF000000" disabledtextcolor="#FFA7A6AA" align="wrap" />
          <Label name="event_name" float="true" pos="75,71,0,0" width="500" height="16" textpadding="2,0,2,0" textcolor="#FF000000" disabledtextcolor="#FFA7A6AA" align="wrap" />
          <Label name="event_source" float="true" pos="75,90,0,0" width="500" height="16" textpadding="2,0,2,0" textcolor="#FF000000" disabledtextcolor="#FFA7A6AA" align="wrap" />
          <Label name="event_obj" float="true" pos="74,109,0,0" width="500" height="16" textpadding="2,0,2,0" textcolor="#FF000000" disabledtextcolor="#FFA7A6AA" align="wrap" />
          <Text name="event_properties" float="true" pos="16,166,0,0" width="500" height="210" textpadding="2,0,2,0" textcolor="#FF000000" disabledtextcolor="#FFA7A6AA" align="wrap" />
          <Label name="duration" float="true" pos="74,127,0,0" width="500" height="16" textpadding="2,0,2,0" textcolor="#FF000000" disabledtextcolor="#FFA7A6AA" align="wrap" />
          <!--<Button name="yes_btn" text="确定" float="true" pos="450,381,0,0" width="75" height="23" textcolor="#FF000000" disabledtextcolor="#FFA7A6AA" align="center" normalimage="file=&apos;button_nor.png&apos; dest=&apos;0,0,75,24&apos; source=&apos;0,0,75,24&apos;" hotimage="file=&apos;button_over.png&apos; dest=&apos;0,0,75,24&apos; source=&apos;0,0,75,24&apos;" pushedimage="file=&apos;button_down.png&apos; dest=&apos;0,0,75,24&apos; source=&apos;0,0,75,24&apos;" />-->
        </HorizontalLayout>
    </VerticalLayout>
</Window>
