<?xml version="1.0" encoding="utf-8"?>
<Window>
  <Font name="宋体" size="10" bold="false" italic="false" />
  <Font name="MS Sans Serif" size="13" bold="true" italic="false" />

  <ListContainerElementEx height="25" >
    <VerticalLayout>
      <HorizontalLayout name="event_info_layout" >
        <!--<ListSubElementEx name="event_icon" width="16" height="16" font="12" />
        <ListSubElementEx name="proc_icon" width="16" height="16" font="12" />-->
        <ListSubElementEx name="cond" bordersize="0" width="120" font="12" textcolor="#FF000000" disabledtextcolor="#FF808080" />
        <ListSubElementEx name="mode" bordersize="0" width="120" font="12" textcolor="#FF000000" disabledtextcolor="#FF808080" />
        <ListSubElementEx name="value" bordersize="0" width="120" font="12" textcolor="#FF000000" disabledtextcolor="#FF808080" />
        <ListSubElementEx name="result" bordersize="0" width="120" font="12" textcolor="#FF000000" disabledtextcolor="#FF808080" />
      </HorizontalLayout>
    </VerticalLayout>
  </ListContainerElementEx>
</Window>