<?xml version="1.0" encoding="utf-8" standalone="yes" ?>
<Window size="385,300" sizebox="4,4,6,6" caption="0,0,0,36" roundcorner="4,4">
    <Font name="宋体" size="12" bold="false" italic="false" default="true" />
    <VerticalLayout name="form_layout" pos="0,0,400,270" width="400" height="270">
        <HorizontalLayout name="caption_layout" pos="260,70,645,95" width="385" height="25">
            <Text name="title_txt" text="IP规则定义:" float="true" pos="26,4,198,21" textpadding="4,3,4,3" textcolor="#00FFFBF0" disabledtextcolor="#FFA7A6AA" align="wrap" />
            <Button name="close_btn" float="true" pos="353,7,378,18" textcolor="#FF000000" disabledtextcolor="#FFA7A6AA" align="center" normalimage="file=&apos;close_btn.png&apos; source=&apos;0,0,25,11&apos; mask=&apos;0xffff00ff&apos;" hotimage="file=&apos;close_btn.png&apos; source=&apos;0,0,25,11&apos; mask=&apos;0xffff00ff&apos;" pushedimage="file=&apos;close_btn.png&apos; source=&apos;0,0,25,11&apos; mask=&apos;0xffff00ff&apos;" hotbkclr="#0F8FC42E" pushedbkclr="#0F749A2E" bkfade="130" bkstyle="2" />        
        </HorizontalLayout>
        <HorizontalLayout name="container_layout" pos="222,112,607,387" width="385" height="275">
            <VerticalLayout name="left_brd_layout" pos="84,73,89,348" width="5" height="275" />
            <VerticalLayout name="middle_contianer_layout" pos="5,0,380,275" width="375" height="275">
                <HorizontalLayout name="middle_layout" pos="0,0,375,270" width="375" height="270" bkcolor="#FFFFFBF0">
					<Combo name="action_combo" tooltip="点击这里选择此规则对应的操作" float="true" pos="95,13,215,31" normalimage="file=&apos;Combo_nor.png&apos; corner=&apos;2,2,24,2&apos;" hotimage="file=&apos;Combo_over.png&apos; corner=&apos;2,2,24,2&apos;" pushedimage="file=&apos;Combo_over.png&apos; corner=&apos;2,2,24,2&apos;" dropboxsize="0,150" itemtextcolor="#FF000000" itemselectedtextcolor="#FF000000" itemselectedbkcolor="#FFC1E3FF" itemhottextcolor="#FF000000" itemhotbkcolor="#FFE9F5FF" itemdisabledtextcolor="#FFCCCCCC" itemdisabledbkcolor="#FFFFFFFF" >
					<ListLabelElement text="阻止" />
					<ListLabelElement text="允许" />
					<ListLabelElement text="询问" selected="true" />
					</Combo>
					
					<Edit name="app_name_edit" float="true" pos="95,39,357,57" bkcolor="#FFFFFFFF" textpadding="4,3,4,3"  bordercolor="#0000D1A0" textcolor="#FF000000" disabledtextcolor="#FFA7A6AA" />
                    <Edit name="sip_begin_edit" text="0" float="true" pos="95,64,215,82" bkcolor="#FFFFFFFF" bordercolor="#0000D1A0" textpadding="4,3,4,3" textcolor="#FF000000" disabledtextcolor="#FFA7A6AA" />
                    <Edit name="sip_end_edit" text="0" float="true" pos="237,64,357,82" bkcolor="#FFFFFFFF" bordercolor="#0000D1A0" textpadding="4,3,4,3" textcolor="#FF000000" disabledtextcolor="#FFA7A6AA" />
                    <Edit name="dip_begin_edit" text="0" float="true" pos="95,90,215,108" bkcolor="#FFFFFFFF" bordercolor="#0000D1A0" textpadding="4,3,4,3" textcolor="#FF000000" disabledtextcolor="#FFA7A6AA" />
                    <Edit name="dip_end_edit" text="0" float="true" pos="237,90,357,108" bkcolor="#FFFFFFFF" bordercolor="#0000D1A0" textpadding="4,3,4,3" textcolor="#FF000000" disabledtextcolor="#FFA7A6AA" />
                    <Edit name="dport_begin_edit" text="0" float="true" pos="95,116,215,134" bkcolor="#FFFFFFFF" bordercolor="#0000D1A0" textpadding="4,3,4,3" textcolor="#FF000000" disabledtextcolor="#FFA7A6AA" />
                    <Edit name="dport_end_edit" text="0" float="true" pos="237,116,357,134" bkcolor="#FFFFFFFF" bordercolor="#0000D1A0" textpadding="4,3,4,3" textcolor="#FF000000" disabledtextcolor="#FFA7A6AA" />
                    <Edit name="sport_begin_edit" text="0" float="true" pos="95,142,215,160" bkcolor="#FFFFFFFF" bordercolor="#0000D1A0" textpadding="4,3,4,3" textcolor="#FF000000" disabledtextcolor="#FFA7A6AA" />
                    <Edit name="sport_end_edit" text="0" float="true" pos="237,142,357,160" bkcolor="#FFFFFFFF" bordercolor="#0000D1A0" textpadding="4,3,4,3" textcolor="#FF000000" disabledtextcolor="#FFA7A6AA" />
                    <Combo name="prot_combo" tooltip="点击这里选择协议类型" float="true" pos="95,168,215,186" normalimage="file=&apos;Combo_nor.png&apos; corner=&apos;2,2,24,2&apos;" hotimage="file=&apos;Combo_over.png&apos; corner=&apos;2,2,24,2&apos;" pushedimage="file=&apos;Combo_over.png&apos; corner=&apos;2,2,24,2&apos;" dropboxsize="0,150" itemtextcolor="#FF000000" itemselectedtextcolor="#FF000000" itemselectedbkcolor="#FFC1E3FF" itemhottextcolor="#FF000000" itemhotbkcolor="#FFE9F5FF" itemdisabledtextcolor="#FFCCCCCC" itemdisabledbkcolor="#FFFFFFFF" >
					<ListLabelElement text="TCP协议" />
					<ListLabelElement text="UDP协议" />
					<ListLabelElement text="所有协议" selected="true" />
					</Combo>
					
					<Edit name="desc_edit" float="true" pos="95,194,358,234" bkcolor="#FFFFFFFF" textpadding="4,3,4,3" bordercolor="#0000D1A0" textcolor="#FF000000" disabledtextcolor="#FFA7A6AA" />
                    <Button name="apply_btn" text="确定" float="true" pos="284,240,359,263" textcolor="#FF000000" disabledtextcolor="#FFA7A6AA" align="center" normalimage="file=&apos;button_nor.png&apos; dest=&apos;0,0,75,24&apos; source=&apos;0,0,75,24&apos;" hotimage="file=&apos;button_over.png&apos; dest=&apos;0,0,75,24&apos; source=&apos;0,0,75,24&apos;" pushedimage="file=&apos;button_down.png&apos; dest=&apos;0,0,75,24&apos; source=&apos;0,0,75,24&apos;" />
                    <Text name="sip_txt" text="源IP地址:" float="true" pos="21,69,91,82" textpadding="2,0,2,0" textcolor="#FF000000" disabledtextcolor="#FFA7A6AA" align="wrap" />
                    <Text name="dip_txt" text="目标IP地址:" float="true" pos="20,94,90,107" textpadding="2,0,2,0" textcolor="#FF000000" disabledtextcolor="#FFA7A6AA" align="wrap" />
                    <Text name="sport_txt" text="源端口:" float="true" pos="20,120,90,133" textpadding="2,0,2,0" textcolor="#FF000000" disabledtextcolor="#FFA7A6AA" align="wrap" />
                    <Text name="dport_txt" text="目标端口:" float="true" pos="19,146,89,159" textpadding="2,0,2,0" textcolor="#FF000000" disabledtextcolor="#FFA7A6AA" align="wrap" />
                    <Text name="type_txt" text="类型:" float="true" pos="19,173,89,186" textpadding="2,0,2,0" textcolor="#FF000000" disabledtextcolor="#FFA7A6AA" align="wrap" />
                    <Text name="desc_txt" text="描述:" float="true" pos="20,194,90,209" textpadding="2,0,2,0" textcolor="#FF000000" disabledtextcolor="#FFA7A6AA" align="wrap" />
                    <Label name="sip_delim" text="-" float="true" pos="222,69,230,77" textcolor="#FF000000" disabledtextcolor="#FFA7A6AA" />
                    <Label name="dip_delim" text="-" float="true" pos="222,95,230,103" textcolor="#FF000000" disabledtextcolor="#FFA7A6AA" />
                    <Label name="sport_delim" text="-" float="true" pos="222,120,230,128" textcolor="#FF000000" disabledtextcolor="#FFA7A6AA" />
                    <Label name="dport_delim" text="-" float="true" pos="222,146,230,154" textcolor="#FF000000" disabledtextcolor="#FFA7A6AA" />
                    <Text name="opera_txt" text="操作:" float="true" pos="20,17,90,30" textpadding="2,0,2,0" textcolor="#FF000000" disabledtextcolor="#FFA7A6AA" align="wrap" />
                    <Text name="target_txt" text="目标程序:" float="true" pos="20,41,90,56" textpadding="2,0,2,0" textcolor="#FF000000" disabledtextcolor="#FFA7A6AA" align="wrap" />
                </HorizontalLayout>
                <HorizontalLayout name="bottom_brd_layout" pos="436,171,976,176" width="540" height="5" />
            </VerticalLayout>
            <VerticalLayout name="right_brd_layout" pos="546,126,551,401" width="5" height="275" />
        </HorizontalLayout>
    </VerticalLayout>
</Window>
