<?xml version="1.0" encoding="UTF-8"?>
<Window>
  <ListContainerElement>
    <HorizontalLayout name="image_item" >
	
      <VerticalLayout name="icon_container" width="130">
        <Button name="icon" width="130" height="95" />
      </VerticalLayout>
      
        <VerticalLayout >
        <HorizontalLayout>
          <Label name="desc_text" width="160" bordersize="0" textcolor="#FF808080" />
        </HorizontalLayout>
      </VerticalLayout>
	  
    </HorizontalLayout>
  </ListContainerElement>
</Window>