<?xml version="1.0" encoding="utf-8" standalone="yes" ?>
<Window size="393,310,0x7fffffff,0x7fffffff" sizebox="4,4,6,6" caption="0,0,0,30">
    <HorizontalLayout name="form_layout" pos="142,114,535,449" width="393" height="335">
        <VerticalLayout name="left_boder_layout" pos="87,148,92,436" width="5" height="288" />
        <VerticalLayout name="middle_layout" pos="5,0,388,310" width="383" height="310">
            <HorizontalLayout name="top_layout" pos="204,53,587,73" width="383" height="20" />
            <HorizontalLayout name="title_layout" pos="204,53,587,130" width="383" height="77" bkimage="file=&apos;msg_tip_title.png&apos; dest=&apos;0,0,383,77&apos; source=&apos;0,0,383,77&apos;">
                <Text name="title_txt" float="true" pos="171,23,369,54" textpadding="2,0,2,0" align="wrap" />
            </HorizontalLayout>
            <HorizontalLayout name="text_layout" pos="0,97,383,304" width="383" height="207" bkcolor="#FFFFFBF0">
                <Text name="msg_txt" float="true" pos="14,14,372,115" textpadding="2,0,2,0" textcolor="#FF000000" disabledtextcolor="#FFA7A6AA" align="wrap" />
                <Option name="record_action" text="记录这次动作" float="true" pos="13,121,520,136" textpadding="16,0,0,0" textcolor="#FF000000" disabledtextcolor="#FFA7A6AA" align="left" normalimage="file=&apos;check_box.png&apos; dest=&apos;1,1,14,14&apos; source=&apos;13,0,26,13&apos;" hotimage="file=&apos;check_box.png&apos; dest=&apos;0,0,15,15&apos; source=&apos;41,0,56,15&apos;" pushedimage="file=&apos;check_box.png&apos; dest=&apos;0,0,15,15&apos; source=&apos;26,0,41,15&apos;" hottextcolor="#FFD3215F" selectedimage="file=&apos;check_box.png&apos; dest=&apos;1,1,14,14&apos; source=&apos;0,0,13,13&apos;" selectedhotimage="file=&apos;check_box.png&apos; dest=&apos;1,1,14,14&apos; source=&apos;0,0,13,13&apos;" />
                <Option name="record_type" text="记录这种类型的动作(网络,文件,注册表)" float="true" pos="13,139,520,154" textpadding="16,0,0,0" textcolor="#FF000000" disabledtextcolor="#FFA7A6AA" align="left" normalimage="file=&apos;check_box.png&apos; dest=&apos;1,1,14,14&apos; source=&apos;13,0,26,13&apos;" hotimage="file=&apos;check_box.png&apos; dest=&apos;0,0,15,15&apos; source=&apos;41,0,56,15&apos;" pushedimage="file=&apos;check_box.png&apos; dest=&apos;0,0,15,15&apos; source=&apos;26,0,41,15&apos;" hottextcolor="#FFD3215F" selectedimage="file=&apos;check_box.png&apos; dest=&apos;1,1,14,14&apos; source=&apos;0,0,13,13&apos;" selectedhotimage="file=&apos;check_box.png&apos; dest=&apos;1,1,14,14&apos; source=&apos;0,0,13,13&apos;" />
                <Option name="record_app" text="信任/阻止此程序所有操作" float="true" pos="13,157,520,172" textpadding="16,0,0,0" textcolor="#FF000000" disabledtextcolor="#FFA7A6AA" align="left" normalimage="file=&apos;check_box.png&apos; dest=&apos;1,1,14,14&apos; source=&apos;13,0,26,13&apos;" hotimage="file=&apos;check_box.png&apos; dest=&apos;0,0,15,15&apos; source=&apos;41,0,56,15&apos;" pushedimage="file=&apos;check_box.png&apos; dest=&apos;0,0,15,15&apos; source=&apos;26,0,41,15&apos;" hottextcolor="#FFD3215F" selectedimage="file=&apos;check_box.png&apos; dest=&apos;1,1,14,14&apos; source=&apos;0,0,13,13&apos;" selectedhotimage="file=&apos;check_box.png&apos; dest=&apos;1,1,14,14&apos; source=&apos;0,0,13,13&apos;" />
                <Button name="yes_btn" text="是" float="true" pos="212,180,287,200" textcolor="#FF000000" disabledtextcolor="#FFA7A6AA" align="center" normalimage="file=&apos;button_nor.png&apos; dest=&apos;0,0,75,24&apos; source=&apos;0,0,75,24&apos;" hotimage="file=&apos;button_over.png&apos; dest=&apos;0,0,75,24&apos; source=&apos;0,0,75,24&apos;" pushedimage="file=&apos;button_down.png&apos; dest=&apos;0,0,75,24&apos; source=&apos;0,0,75,24&apos;" />
                <Button name="no_btn" text="否" float="true" pos="296,180,371,200" textcolor="#FF000000" disabledtextcolor="#FFA7A6AA" align="center" normalimage="file=&apos;button_nor.png&apos; dest=&apos;0,0,75,24&apos; source=&apos;0,0,75,24&apos;" hotimage="file=&apos;button_over.png&apos; dest=&apos;0,0,75,24&apos; source=&apos;0,0,75,24&apos;" pushedimage="file=&apos;button_down.png&apos; dest=&apos;0,0,75,24&apos; source=&apos;0,0,75,24&apos;" />
            </HorizontalLayout>
        </VerticalLayout>
        <VerticalLayout name="right_border_layout" pos="389,194,394,482" width="5" height="288" />
    </HorizontalLayout>
</Window>
