<?xml version="1.0" encoding="utf-8" standalone="yes" ?>
<Window size="480,150" sizebox="4,4,6,6" caption="0,0,0,30">
    <VerticalLayout name="form_layout" pos="368,87,848,237" width="480" height="150" bkcolor="#FF35393D">
        <HorizontalLayout name="caption_layout" pos="0,0,480,25" width="480" height="25">
            <Button name="close_btn" float="true" pos="450,7,475,18" textcolor="#FF000000" disabledtextcolor="#FFA7A6AA" align="center" normalimage="file=&apos;close_btn.png&apos; source=&apos;0,0,25,11&apos; mask=&apos;0xffff00ff&apos;" hotimage="file=&apos;close_btn.png&apos; source=&apos;0,0,25,11&apos; mask=&apos;0xffff00ff&apos;" pushedimage="file=&apos;close_btn.png&apos; source=&apos;0,0,25,11&apos; mask=&apos;0xffff00ff&apos;" hotbkclr="#0F8FC42E" pushedbkclr="#0F749A2E" bkfade="130" bkstyle="2" />            
            <Text name="title_txt" text="关闭网络控制面板" float="true" pos="24,6,420,21" textpadding="2,0,2,0" textcolor="#00FFFBF0" disabledtextcolor="#FFA7A6AA" align="wrap" />
        </HorizontalLayout>
        <HorizontalLayout name="HorizontalLayoutUI2" pos="303,106,783,234" width="480" height="128">
            <VerticalLayout name="VerticalLayoutUI1" pos="82,55,87,183" width="5" height="128" />
            <VerticalLayout name="VerticalLayoutUI2" pos="329,44,799,172" width="470" height="128">
                <HorizontalLayout name="HorizontalLayoutUI3" pos="0,0,470,123" width="470" height="123" bkcolor="#FFFFFBF0">
                    <Button name="open_btn" text="打开面板" float="true" pos="280,86,355,109" textcolor="#FF000000" disabledtextcolor="#FFA7A6AA" align="center" normalimage="file=&apos;button_nor.png&apos; dest=&apos;0,0,75,23&apos; source=&apos;0,0,75,23&apos; corner=&apos;1,1,1,1&apos;" hotimage="file=&apos;button_over.png&apos; dest=&apos;0,0,75,23&apos; source=&apos;0,0,75,23&apos;" pushedimage="file=&apos;button_down.png&apos; dest=&apos;0,0,75,23&apos; source=&apos;0,0,75,23&apos;" />
                    <Button name="stop_btn" text="关闭面板" float="true" pos="376,86,451,109" textcolor="#FF000000" disabledtextcolor="#FFA7A6AA" align="center" normalimage="file=&apos;button_nor.png&apos; dest=&apos;0,0,75,23&apos; source=&apos;0,0,75,23&apos; corner=&apos;1,1,1,1&apos;" hotimage="file=&apos;button_over.png&apos; dest=&apos;0,0,75,23&apos; source=&apos;0,0,75,23&apos;" pushedimage="file=&apos;button_down.png&apos; dest=&apos;0,0,75,23&apos; source=&apos;0,0,75,23&apos;" />
                    <Text name="tip_txt" text="为了保证网络安全性,使用此选项来关闭网络控制面板,避免网络配置被改变.注意:由于系统环境的原因,可能网络控制面板不能立即打开,重启后即可." float="true" pos="21,18,452,44" textpadding="2,0,2,0" textcolor="#FF000000" disabledtextcolor="#FFA7A6AA" align="wrap" />
                </HorizontalLayout>
                <HorizontalLayout name="HorizontalLayoutUI4" pos="390,119,860,124" width="470" height="5" />
            </VerticalLayout>
            <VerticalLayout name="VerticalLayoutUI3" pos="477,22,482,150" width="5" height="128" />
        </HorizontalLayout>
    </VerticalLayout>
</Window>
