<?xml version="1.0" encoding="utf-8" standalone="yes" ?>
<Window size="590,340" sizebox="4,4,6,6" caption="0,0,0,30">
    <Font name="MS Sans Serif" size="9" bold="true" italic="false" />
    <Font name="MS Sans Serif" size="23" bold="true" italic="false" />
    <Font name="MS Sans Serif" size="13" bold="true" italic="false" />
    <Font name="宋体" size="13" bold="false" italic="false" />
    <HorizontalLayout name="text_layout" pos="402,20,805,289" width="403" height="269" bkcolor="#FFFFFBF0">
        <Text name="txt_url" text="URL防火墙" float="true" pos="72,27,207,43" textpadding="2,0,2,0" textcolor="#FF000000" disabledtextcolor="#FFA7A6AA" font="0" align="wrap" />
        <Text name="txt_arp" text="ARP防火墙" float="true" pos="72,200,207,216" textpadding="2,0,2,0" textcolor="#FF000000" disabledtextcolor="#FFA7A6AA" font="0" align="wrap" />
        <Text name="txt_netbase" text="网络防火墙基础" float="true" pos="72,248,207,264" textpadding="2,0,2,0" textcolor="#FF000000" disabledtextcolor="#FFA7A6AA" font="0" align="wrap" />
        <Text name="txt_fw" text="网络防火墙" float="true" pos="72,68,207,84" textpadding="2,0,2,0" textcolor="#FF000000" disabledtextcolor="#FFA7A6AA" font="0" align="wrap" />
        <Text name="txt_defense" text="主动防御" float="true" pos="72,111,207,127" textpadding="2,0,2,0" textcolor="#FF000000" disabledtextcolor="#FFA7A6AA" font="0" align="wrap" />
        <Text name="txt_fs" text="文件系统防火墙" float="true" pos="72,155,207,171" textpadding="2,0,2,0" textcolor="#FF000000" disabledtextcolor="#FFA7A6AA" font="0" align="wrap" />
        <Text name="txt_reg" text="注册表防火墙" float="true" pos="72,295,207,311" textpadding="2,0,2,0" textcolor="#FF000000" disabledtextcolor="#FFA7A6AA" font="0" align="wrap" />
        <Option name="url_btn" float="true" pos="437,24,511,43" textpadding="0,0,0,0" textcolor="#00FFFBF0" disabledtextcolor="#FFA7A6AA" align="left" normalimage="file=&apos;open_norm.png&apos; dest=&apos;0,0,75,24&apos; source=&apos;0,0,75,24&apos; mask=&apos;0xffff00ff&apos;" hotimage="file=&apos;open_hilight.png&apos; dest=&apos;0,0,75,24&apos; source=&apos;0,0,75,24&apos; mask=&apos;0xffff00ff&apos;" pushedimage="file=&apos;open_norm.png&apos; dest=&apos;0,0,75,24&apos; source=&apos;0,0,75,24&apos;" selectedimage="file=&apos;close_norm.png&apos; mask=&apos;0xffff00ff&apos;" selectedhotimage="file=&apos;close_hilight.png&apos; mask=&apos;0xffff00ff&apos;" />
        <Option name="arp_btn" float="true" pos="439,198,513,217" textpadding="0,0,0,0" textcolor="#00FFFBF0" disabledtextcolor="#FFA7A6AA" align="left" normalimage="file=&apos;open_norm.png&apos; dest=&apos;0,0,75,24&apos; source=&apos;0,0,75,24&apos; mask=&apos;0xffff00ff&apos;" hotimage="file=&apos;open_hilight.png&apos; dest=&apos;0,0,75,24&apos; source=&apos;0,0,75,24&apos; mask=&apos;0xffff00ff&apos;" pushedimage="file=&apos;open_norm.png&apos; dest=&apos;0,0,75,24&apos; source=&apos;0,0,75,24&apos;" selectedimage="file=&apos;close_norm.png&apos; mask=&apos;0xffff00ff&apos;" selectedhotimage="file=&apos;close_hilight.png&apos; mask=&apos;0xffff00ff&apos;" />
        <Option name="netbase_btn" float="true" pos="438,246,512,265" textpadding="0,0,0,0" textcolor="#00FFFBF0" disabledtextcolor="#FFA7A6AA" align="left" normalimage="file=&apos;open_norm.png&apos; dest=&apos;0,0,75,24&apos; source=&apos;0,0,75,24&apos; mask=&apos;0xffff00ff&apos;" hotimage="file=&apos;open_hilight.png&apos; dest=&apos;0,0,75,24&apos; source=&apos;0,0,75,24&apos; mask=&apos;0xffff00ff&apos;" pushedimage="file=&apos;open_norm.png&apos; dest=&apos;0,0,75,24&apos; source=&apos;0,0,75,24&apos;" selectedimage="file=&apos;close_norm.png&apos; mask=&apos;0xffff00ff&apos;" selectedhotimage="file=&apos;close_hilight.png&apos; mask=&apos;0xffff00ff&apos;" />
        <Option name="fw_btn" float="true" pos="437,66,511,85" textpadding="0,0,0,0" textcolor="#00FFFBF0" disabledtextcolor="#FFA7A6AA" align="left" normalimage="file=&apos;open_norm.png&apos; dest=&apos;0,0,75,24&apos; source=&apos;0,0,75,24&apos; mask=&apos;0xffff00ff&apos;" hotimage="file=&apos;open_hilight.png&apos; dest=&apos;0,0,75,24&apos; source=&apos;0,0,75,24&apos; mask=&apos;0xffff00ff&apos;" pushedimage="file=&apos;open_norm.png&apos; dest=&apos;0,0,75,24&apos; source=&apos;0,0,75,24&apos;" selectedimage="file=&apos;close_norm.png&apos; mask=&apos;0xffff00ff&apos;" selectedhotimage="file=&apos;close_hilight.png&apos; mask=&apos;0xffff00ff&apos;" />
        <Option name="defense_btn" float="true" pos="438,109,512,128" textpadding="0,0,0,0" textcolor="#00FFFBF0" disabledtextcolor="#FFA7A6AA" align="left" normalimage="file=&apos;open_norm.png&apos; dest=&apos;0,0,75,24&apos; source=&apos;0,0,75,24&apos; mask=&apos;0xffff00ff&apos;" hotimage="file=&apos;open_hilight.png&apos; dest=&apos;0,0,75,24&apos; source=&apos;0,0,75,24&apos; mask=&apos;0xffff00ff&apos;" pushedimage="file=&apos;open_norm.png&apos; dest=&apos;0,0,75,24&apos; source=&apos;0,0,75,24&apos;" selectedimage="file=&apos;close_norm.png&apos; mask=&apos;0xffff00ff&apos;" selectedhotimage="file=&apos;close_hilight.png&apos; mask=&apos;0xffff00ff&apos;" />
        <Option name="fs_btn" float="true" pos="438,153,512,172" textpadding="0,0,0,0" textcolor="#00FFFBF0" disabledtextcolor="#FFA7A6AA" align="left" normalimage="file=&apos;open_norm.png&apos; dest=&apos;0,0,75,24&apos; source=&apos;0,0,75,24&apos; mask=&apos;0xffff00ff&apos;" hotimage="file=&apos;open_hilight.png&apos; dest=&apos;0,0,75,24&apos; source=&apos;0,0,75,24&apos; mask=&apos;0xffff00ff&apos;" pushedimage="file=&apos;open_norm.png&apos; dest=&apos;0,0,75,24&apos; source=&apos;0,0,75,24&apos;" selectedimage="file=&apos;close_norm.png&apos; mask=&apos;0xffff00ff&apos;" selectedhotimage="file=&apos;close_hilight.png&apos; mask=&apos;0xffff00ff&apos;" />
        <Option name="reg_btn" float="true" pos="438,295,512,314" textpadding="0,0,0,0" textcolor="#00FFFBF0" disabledtextcolor="#FFA7A6AA" align="left" normalimage="file=&apos;open_norm.png&apos; dest=&apos;0,0,75,24&apos; source=&apos;0,0,75,24&apos; mask=&apos;0xffff00ff&apos;" hotimage="file=&apos;open_hilight.png&apos; dest=&apos;0,0,75,24&apos; source=&apos;0,0,75,24&apos; mask=&apos;0xffff00ff&apos;" pushedimage="file=&apos;open_norm.png&apos; dest=&apos;0,0,75,24&apos; source=&apos;0,0,75,24&apos;" selectedimage="file=&apos;close_norm.png&apos; mask=&apos;0xffff00ff&apos;" selectedhotimage="file=&apos;close_hilight.png&apos; mask=&apos;0xffff00ff&apos;" />
        <Text name="txt_desc_url" text="保护网站浏览绿色安全" float="true" pos="229,27,424,43" textpadding="2,0,2,0" textcolor="#FF000000" disabledtextcolor="#FFA7A6AA" font="0" align="wrap" />
        <Text name="txt_desc_arp" text="保护网络流畅,清除ARP欺骗攻击" float="true" pos="229,68,424,84" textpadding="2,0,2,0" textcolor="#FF000000" disabledtextcolor="#FFA7A6AA" font="0" align="wrap" />
        <Text name="txt_desc_netbase" text="保护网络通信的基础" float="true" pos="229,248,424,264" textpadding="2,0,2,0" textcolor="#FF000000" disabledtextcolor="#FFA7A6AA" font="0" align="wrap" />
        <Text name="txt_desc_fw" text="保护网络通信透明可信" float="true" pos="230,200,425,216" textpadding="2,0,2,0" textcolor="#FF000000" disabledtextcolor="#FFA7A6AA" font="0" align="wrap" />
        <Text name="txt_desc_defense" text="保护系统行为正确安全" float="true" pos="229,111,424,127" textpadding="2,0,2,0" textcolor="#FF000000" disabledtextcolor="#FFA7A6AA" font="0" align="wrap" />
        <Text name="txt_desc_fs" text="保护数据,文件安全牢固" float="true" pos="229,155,424,171" textpadding="2,0,2,0" textcolor="#FF000000" disabledtextcolor="#FFA7A6AA" font="0" align="wrap" />
        <Text name="txt_desc_reg" text="保护注册表配置安全" float="true" pos="229,297,424,313" textpadding="2,0,2,0" textcolor="#FF000000" disabledtextcolor="#FFA7A6AA" font="0" align="wrap" />
    </HorizontalLayout>
</Window>
