<?xml version="1.0" encoding="utf-8" standalone="yes" ?>
<Window size="490,230" sizebox="4,4,6,6" caption="0,0,0,30">
    <VerticalLayout name="form_layout" pos="489,225,979,455" width="490" height="230" bkcolor="#FF35393D">
        <HorizontalLayout name="caption_layout" pos="0,0,490,25" width="490" height="25">
				<Button name="close_btn" float="true" pos="459,7,484,18" textcolor="#FF000000" disabledtextcolor="#FFA7A6AA" align="center" normalimage="file=&apos;close_btn.png&apos; source=&apos;0,0,25,11&apos; mask=&apos;0xffff00ff&apos;" hotimage="file=&apos;close_btn.png&apos; source=&apos;0,0,25,11&apos; mask=&apos;0xffff00ff&apos;" pushedimage="file=&apos;close_btn.png&apos; source=&apos;0,0,25,11&apos; mask=&apos;0xffff00ff&apos;" hotbkclr="#0F8FC42E" pushedbkclr="#0F749A2E" bkfade="130" bkstyle="2" />
        </HorizontalLayout>
        <HorizontalLayout name="lower_layout" pos="0,25,490,225" width="490" height="200">
            <VerticalLayout name="about_left_layout" pos="0,0,5,200" width="5" height="200" />
            <VerticalLayout name="about_layout" pos="4,2,484,202" width="480" height="200" bkcolor="#FFEBEBEB">
                <Text name="text_tip" float="true" pos="28,18,457,59" textpadding="2,0,2,0" align="wrap" />
                <Progress name="whole_progress" float="true" pos="27,66,458,79" bkcolor="#FFE9FFE9" bordercolor="#00C0C0C0" textcolor="#FF000000" disabledtextcolor="#FFA7A6AA" align="center" fgimage="file=&apos;updating_progress.png&apos; dest=&apos;0,0,416,19&apos; source=&apos;0,0,124,19&apos; mask=&apos;0xffff00ff&apos;" min="0" max="100" value="0" hor="true" />
                <Text name="file_text_tip" float="true" pos="28,93,457,113" textpadding="2,0,2,0" align="wrap" />
                <Progress name="file_progress" float="true" pos="27,120,458,133" bkcolor="#FFE9FFE9" bordercolor="#00C0C0C0" textcolor="#FF000000" disabledtextcolor="#FFA7A6AA" align="center" fgimage="file=&apos;updating_progress.png&apos; dest=&apos;0,0,416,19&apos; source=&apos;0,0,124,19&apos; mask=&apos;0xffff00ff&apos;" min="0" max="100" value="0" hor="true" />
                <Button name="yes_btn" text="Yes" float="true" pos="28,161,103,185" textcolor="#FF000000" disabledtextcolor="#FFA7A6AA" align="center" normalimage="file=&apos;button_nor.png&apos; dest=&apos;0,0,75,24&apos; source=&apos;0,0,75,24&apos;" hotimage="file=&apos;button_over.png&apos; dest=&apos;0,0,75,24&apos; source=&apos;0,0,75,24&apos;" pushedimage="file=&apos;button_down.png&apos; dest=&apos;0,0,75,24&apos; source=&apos;0,0,75,24&apos;" />
                <Button name="no_btn" text="No" float="true" pos="381,161,456,185" textcolor="#FF000000" disabledtextcolor="#FFA7A6AA" align="center" normalimage="file=&apos;button_nor.png&apos; dest=&apos;0,0,75,24&apos; source=&apos;0,0,75,24&apos;" hotimage="file=&apos;button_over.png&apos; dest=&apos;0,0,75,24&apos; source=&apos;0,0,75,24&apos;" pushedimage="file=&apos;button_down.png&apos; dest=&apos;0,0,75,24&apos; source=&apos;0,0,75,24&apos;" />
            </VerticalLayout>
        </HorizontalLayout>
    </VerticalLayout>
</Window>
