<?xml version="1.0" encoding="utf-8" standalone="yes" ?>
<Window size="550,200" sizebox="4,4,6,6" caption="0,0,0,36" roundcorner="4,4">
    <Font name="宋体" size="12" bold="false" italic="false" default="true" />
    <VerticalLayout name="form_layout" pos="476,129,536,159" width="60" height="30">
        <HorizontalLayout name="HorizontalLayoutUI1" pos="260,70,810,95" width="550" height="25">
            <Text name="title_text" text="url路径或域名规则定义" float="true" pos="26,4,198,21" textpadding="4,3,4,3" textcolor="#00FFFBF0" disabledtextcolor="#FFA7A6AA" align="wrap" />
            <Button name="close_btn" float="true" pos="520,7,545,18" textcolor="#FF000000" disabledtextcolor="#FFA7A6AA" align="center" normalimage="file=&apos;close_btn.png&apos; source=&apos;0,0,25,11&apos; mask=&apos;0xffff00ff&apos;" hotimage="file=&apos;close_btn.png&apos; source=&apos;0,0,25,11&apos; mask=&apos;0xffff00ff&apos;" pushedimage="file=&apos;close_btn.png&apos; source=&apos;0,0,25,11&apos; mask=&apos;0xffff00ff&apos;" hotbkclr="#0F8FC42E" pushedbkclr="#0F749A2E" bkfade="130" bkstyle="2" />            
        </HorizontalLayout>
        <HorizontalLayout name="HorizontalLayoutUI2" pos="222,112,772,287" width="550" height="175">
            <VerticalLayout name="VerticalLayoutUI2" pos="84,73,89,248" width="5" height="175" />
            <VerticalLayout name="VerticalLayoutUI3" pos="148,70,688,245" width="540" height="175">
                <HorizontalLayout name="HorizontalLayoutUI3" pos="330,60,870,230" width="540" height="170" bkcolor="#FFFFFBF0">
                    <Text name="url_path_txt" text="url路径或域名:" float="true" pos="28,43,116,56" textpadding="2,0,2,0" textcolor="#FF000000" disabledtextcolor="#FFA7A6AA" align="wrap" />
                    <Edit name="url_edit" float="true" pos="122,42,512,60" bordercolor="#0000D1A0" textpadding="4,3,4,3" textcolor="#FF000000" disabledtextcolor="#FFA7A6AA" />
                    <Button name="apply_btn" text="确定" float="true" pos="437,135,512,158" textcolor="#FF000000" disabledtextcolor="#FFA7A6AA" align="center" normalimage="file=&apos;button_nor.png&apos; dest=&apos;0,0,75,24&apos; source=&apos;0,0,75,24&apos;" hotimage="file=&apos;button_over.png&apos; dest=&apos;0,0,75,24&apos; source=&apos;0,0,75,24&apos;" pushedimage="file=&apos;button_down.png&apos; dest=&apos;0,0,75,24&apos; source=&apos;0,0,75,24&apos;"/>
                </HorizontalLayout>
                <HorizontalLayout name="HorizontalLayoutUI4" pos="436,171,976,176" width="540" height="5" />
            </VerticalLayout>
            <VerticalLayout name="VerticalLayoutUI4" pos="546,126,551,301" width="5" height="175" />
        </HorizontalLayout>
    </VerticalLayout>
</Window>
