<?xml version="1.0" encoding="utf-8" standalone="yes" ?>
<Window size="490,280" sizebox="4,4,6,6" caption="0,0,0,30">
    <VerticalLayout name="form_layout" pos="0,0,490,300" width="490" height="300" bkcolor="#FF35393D">
        <HorizontalLayout name="caption_layout" pos="0,0,490,25" width="490" height="25">
            <Button name="close_btn" float="true" pos="459,7,484,18" textcolor="#FF000000" disabledtextcolor="#FFA7A6AA" align="center" normalimage="file=&apos;close_btn.png&apos; source=&apos;0,0,25,11&apos; mask=&apos;0xffff00ff&apos;" hotimage="file=&apos;close_btn.png&apos; source=&apos;0,0,25,11&apos; mask=&apos;0xffff00ff&apos;" pushedimage="file=&apos;close_btn.png&apos; source=&apos;0,0,25,11&apos; mask=&apos;0xffff00ff&apos;" hotbkclr="#0F8FC42E" pushedbkclr="#0F749A2E" bkfade="130" bkstyle="2" />
            <Button name="nor_btn" float="true" pos="432,7,457,18" textcolor="#FF000000" disabledtextcolor="#FFA7A6AA" align="center" normalimage="file=&apos;norm_btn.png&apos; source=&apos;0,0,25,11&apos; mask=&apos;0xffff00ff&apos;" hotimage="file=&apos;norm_btn.png&apos; source=&apos;0,0,25,11&apos; mask=&apos;0xffff00ff&apos;" pushedimage="file=&apos;norm_btn.png&apos; source=&apos;0,0,25,11&apos; mask=&apos;0xffff00ff&apos;" hotbkclr="#0F8FC42E" pushedbkclr="#0F749A2E" bkfade="130" bkstyle="2" />
            <Button name="min_btn" float="true" pos="405,7,430,18" textcolor="#FF000000" disabledtextcolor="#FFA7A6AA" align="center" normalimage="file=&apos;min_btn.png&apos; source=&apos;0,0,25,11&apos; mask=&apos;0xffff00ff&apos;" hotimage="file=&apos;min_btn.png&apos; source=&apos;0,0,25,11&apos; mask=&apos;0xffff00ff&apos;" pushedimage="file=&apos;min_btn.png&apos; source=&apos;0,0,25,11&apos; mask=&apos;0xffff00ff&apos;" hotbkclr="#0F8FC42E" pushedbkclr="#0F749A2E" bkfade="130" bkstyle="2" />
        </HorizontalLayout>
        <HorizontalLayout name="lower_layout" pos="0,25,490,273" width="490" height="248">
            <VerticalLayout name="about_left_layout" pos="0,0,5,250" width="5" height="250" />
            <VerticalLayout name="about_layout" pos="5,0,485,250" width="480" height="250" bkcolor="#FFFFFFFF">
                <Label name="balancesoft_logo" float="true" pos="62,25,443,96" bkimage="file=&apos;balancesoft.png&apos; dest=&apos;0,0,500,130&apos; source=&apos;0,0,500,130&apos;" textcolor="#FF000000" disabledtextcolor="#FFA7A6AA" />
                <Text name="about_soft_name_txt" text="科迪锐博软件 多能防火墙(7层防火墙) V2.0" float="true" pos="113,107,355,120" textpadding="2,0,2,0" textcolor="#FF000000" disabledtextcolor="#FFA7A6AA" align="wrap" />
                <Label name="about_corp_name_label" text="(C) 2009-2012 科迪锐博软件" float="true" pos="113,128,351,141" textcolor="#FF000000" disabledtextcolor="#FFA7A6AA" />
                <Label name="right_reserved_label" text="保留所有权利" float="true" pos="113,150,345,163" textcolor="#FF000000" disabledtextcolor="#FFA7A6AA" />
                <Text name="license_txt" text="本计算机程序受著作权法和知识产权条约保护,一切未经允许对本程序的破解或利用,将受到严厉的民事和刑事制裁,并在法律许可的最大范围内受到起诉." float="true" pos="49,188,445,223" textpadding="2,0,2,0" textcolor="#FF000000" disabledtextcolor="#FFA7A6AA" align="wrap" />
            </VerticalLayout>
            <VerticalLayout name="about_right_layout" pos="485,0,493,250" width="8" height="250" />
        </HorizontalLayout>
    </VerticalLayout>
</Window>
