﻿<?xml version="1.0" encoding="utf-8" standalone="yes" ?>
<Window size="590,400" sizebox="4,4,6,6" caption="0,0,0,30">
    <VerticalLayout name="form_layout" bkcolor="#FFFFFBF0" bkimage="file=&apos;winbk.bmp&apos; corner=&apos;4,48,4,4&apos; mask=&apos;#FFFF00FF&apos;" inset="4,0,4,4">
        <!--<HorizontalLayout name="caption_layout" width="583" height="25">
            <Label name="title_label" text="选择语言" float="true" pos="17,4,0,0" width="161" height="17" textcolor="#00FFFBF0" disabledtextcolor="#FFA7A6AA" />
        </HorizontalLayout>-->
        <HorizontalLayout name="lower_layout" width="583" height="400">
            <!--<Container width="512" >-->
                <Button name="symbol_ok_btn" text="设置" tooltip="设置符号路径" float="true" pos="335,257,0,0" width="75" height="23" textcolor="#FF000000" disabledtextcolor="#FFA7A6AA" align="center" normalimage="file=&apos;button_nor.png&apos; dest=&apos;0,0,75,23&apos; source=&apos;0,0,75,23&apos;" hotimage="file=&apos;button_over.png&apos; dest=&apos;0,0,75,23&apos; source=&apos;0,0,75,23&apos;" pushedimage="file=&apos;button_down.png&apos; dest=&apos;0,0,75,23&apos; source=&apos;0,0,75,23&apos;" />
                <Label name="symbol_label" text="符号路径:" tooltip="调试符号:是指windows对内部工作信息的标识,符号表示,用它们可以对windows内部的工作细节进行描述,如果你已经有符号,将它输入.如果没有,可以指定任何一个目录(同时选中自动从微软下载),这样,它将成为符号保存目录,当需要符号时,将会连接至微软服务器进行下载." float="true" pos="18,83,0,0" width="160" height="17" textcolor="#FF000000" disabledtextcolor="#FFA7A6AA" align="left" />
                <Edit name="symbol_path" tooltip="符号路径" float="true" pos="18,105,0,0" width="329" height="19" bkcolor="#FFFFFFFF" bordercolor="#00888888" textpadding="4,3,4,3" textcolor="#FF000000" disabledtextcolor="#FFA7A6AA" />
                <Button name="sym_browser" text="..." tooltip="浏览" float="true" pos="353,105,0,0" width="55" height="19" textcolor="#FF000000" disabledtextcolor="#FFA7A6AA" align="center" normalimage="file=&apos;button_nor.png&apos; dest=&apos;0,0,75,23&apos; source=&apos;0,0,75,23&apos;" hotimage="file=&apos;button_over.png&apos; dest=&apos;0,0,75,23&apos; source=&apos;0,0,75,23&apos;" pushedimage="file=&apos;button_down.png&apos; dest=&apos;0,0,75,23&apos; source=&apos;0,0,75,23&apos;" />
                <Text name="txt_debug_symbol" text="调试符号:是指WINDOWS对内部工作信息的标识,符号表示,用它们可以对WINDOWS内部的工作细节进行描述,如果你已经有符号,将它输入.如果没有,可以指定任何一个目录(同时选中自动从微软下载),这样,它将成为符号保存目录,当需要符号时,将会连接至微软服务器进行下载." float="true" pos="18,11,0,0" width="390" height="60" textpadding="2,0,2,0" textcolor="#FF000000" disabledtextcolor="#FFA7A6AA" align="wrap" />
                <Option name="auto_download" text="自动从微软下载" float="true" pos="18,129,0,0" width="184" height="17" textpadding="16,0,0,0" textcolor="#FF000000" disabledtextcolor="#FFA7A6AA" normalimage="file=&apos;check_box.png&apos; dest=&apos;1,1,14,14&apos; source=&apos;13,0,26,13&apos;" hotimage="file=&apos;check_box.png&apos; dest=&apos;0,0,15,15&apos; source=&apos;41,0,56,15&apos;" pushedimage="file=&apos;check_box.png&apos; dest=&apos;0,0,15,15&apos; source=&apos;26,0,41,15&apos;" selectedimage="file=&apos;check_box.png&apos; dest=&apos;1,1,14,14&apos; source=&apos;0,0,13,13&apos;" selectedhotimage="file=&apos;check_box.png&apos; dest=&apos;0,0,15,15&apos; source=&apos;26,0,41,15&apos;" hottextcolor="0xFF578F00" selectedtextcolor="0xFF578F00" align="left" />
                <Label name="txt_dbg_help" text="DBGHELP.DLL功能库路径:" tooltip="dbghelp.dll提供了windows内部工作信息解析功能,符号信息分析需要它的支持,windows自带有dbghelp,但可能是旧版本,这种情况请手动指定dbghelp.dll路径." visible="false" float="true" pos="17,207,0,0" width="133" height="15" textcolor="#FF000000" disabledtextcolor="#FFA7A6AA" align="right" />
                <Edit name="dbg_help_path" tooltip="DBGHELP.DLL功能库路径" visible="false" float="true" pos="17,226,0,0" width="331" height="19" bkcolor="#FFFFFFFF" bordercolor="#00333333" textpadding="4,3,4,3" textcolor="#FF000000" disabledtextcolor="#FFA7A6AA" />
                <Button name="btn_browser" text="..." tooltip="浏览" visible="false" float="true" pos="354,226,0,0" width="55" height="19" textcolor="#FF000000" disabledtextcolor="#FFA7A6AA" align="center" normalimage="file=&apos;button_nor.png&apos; dest=&apos;0,0,75,23&apos; source=&apos;0,0,75,23&apos;" hotimage="file=&apos;button_over.png&apos; dest=&apos;0,0,75,23&apos; source=&apos;0,0,75,23&apos;" pushedimage="file=&apos;button_down.png&apos; dest=&apos;0,0,75,23&apos; source=&apos;0,0,75,23&apos;" />
                <Text name="txt_desc" text="DBGHELP.DLL提供了WINDOWS内部工作信息解析功能,符号信息分析需要它的支持,WINDOWS自带有DBGHELP,但可能是旧版本,这种情况请手动指定DBGHELP.DLL路径." visible="false" float="true" pos="17,160,0,0" width="385" height="43" textpadding="2,0,2,0" textcolor="#FF000000" disabledtextcolor="#FFA7A6AA" align="wrap" />
            <!--</Container>-->
        </HorizontalLayout>
    </VerticalLayout>
</Window>
