<?xml version="1.0" encoding="utf-8" standalone="yes" ?>
<Window size="770,560" sizebox="4,4,6,6" caption="0,0,0,25" mininfo="770,560" roundcorner="5,5">
    <Font name="宋体" size="19" bold="false" italic="false" />
    <Font name="黑体" size="15" bold="true" italic="false" />
    <Font name="MS Sans Serif" size="9" bold="true" italic="false" />
    <VerticalLayout name="form_layout" pos="3,0,3,0" bkcolor="#FF35393D" inset="1,0,1,0">
        <HorizontalLayout name="caption_layout" pos="0,0,770,25" width="770" height="25">
			<Button name="close_btn" float="true" pos="740,7,765,18" textcolor="#FF000000" disabledtextcolor="#FFA7A6AA" align="center" normalimage="file=&apos;close_btn.png&apos; source=&apos;0,0,25,11&apos; mask=&apos;0xffff00ff&apos;" hotimage="file=&apos;close_btn.png&apos; source=&apos;0,0,25,11&apos; mask=&apos;0xffff00ff&apos;" pushedimage="file=&apos;close_btn.png&apos; source=&apos;0,0,25,11&apos; mask=&apos;0xffff00ff&apos;" hotbkclr="#0F8FC42E" pushedbkclr="#0F749A2E" bkfade="130" bkstyle="2" />
            <Button name="nor_btn" float="true" pos="713,7,738,18" textcolor="#FF000000" disabledtextcolor="#FFA7A6AA" align="center" normalimage="file=&apos;norm_btn.png&apos; source=&apos;0,0,25,11&apos; mask=&apos;0xffff00ff&apos;" hotimage="file=&apos;norm_btn.png&apos; source=&apos;0,0,25,11&apos; mask=&apos;0xffff00ff&apos;" pushedimage="file=&apos;norm_btn.png&apos; source=&apos;0,0,25,11&apos; mask=&apos;0xffff00ff&apos;" hotbkclr="#0F8FC42E" pushedbkclr="#0F749A2E" bkfade="130" bkstyle="2" />
            <Button name="max_btn" float="true" pos="713,7,738,18" textcolor="#FF000000" disabledtextcolor="#FFA7A6AA" align="center" normalimage="file=&apos;max_btn.png&apos; source=&apos;0,0,25,11&apos; mask=&apos;0xffff00ff&apos;" hotimage="file=&apos;max_btn.png&apos; source=&apos;0,0,25,11&apos; mask=&apos;0xffff00ff&apos;" pushedimage="file=&apos;max_btn.png&apos; source=&apos;0,0,25,11&apos; mask=&apos;0xffff00ff&apos;" hotbkclr="#0F8FC42E" pushedbkclr="#0F749A2E" bkfade="130" bkstyle="2" />
            <Button name="min_btn" float="true" pos="687,7,712,18" textcolor="#FF000000" disabledtextcolor="#FFA7A6AA" align="center" normalimage="file=&apos;min_btn.png&apos; source=&apos;0,0,25,11&apos; mask=&apos;0xffff00ff&apos;" hotimage="file=&apos;min_btn.png&apos; source=&apos;0,0,25,11&apos; mask=&apos;0xffff00ff&apos;" pushedimage="file=&apos;min_btn.png&apos; source=&apos;0,0,25,11&apos; mask=&apos;0xffff00ff&apos;" hotbkclr="#0F8FC42E" pushedbkclr="#0F749A2E" bkfade="130" bkstyle="2" />
        </HorizontalLayout>
        <HorizontalLayout name="nav_bar_layout" pos="1,25,767,83" width="766" height="58">
            <Label name="static_logo" float="true" pos="4,1,132,56" bkimage="file=&apos;logo.png&apos; source=&apos;0,0,128,55&apos;" textcolor="#FF000000" disabledtextcolor="#FFA7A6AA" />
            <Option name="summary_btn" float="true" pos="140,1,345,56" textcolor="#FF000000" disabledtextcolor="#FFA7A6AA" align="center" normalimage="file=&apos;summary_btn.png&apos; source=&apos;0,0,154,55&apos;" hotimage="file=&apos;summary_btn.png&apos; source=&apos;154,0,308,55&apos;" pushedimage="file=&apos;summary_btn.png&apos; source=&apos;308,0,462,55&apos;" group="navi_bar" selectedimage="file=&apos;summary_btn.png&apos; source=&apos;308,0,462,55&apos;" />
            <Option name="net_manage_btn" float="true" pos="350,1,555,56" textcolor="#FF000000" disabledtextcolor="#FFA7A6AA" align="center" normalimage="file=&apos;net_manage_btn.png&apos; source=&apos;0,0,154,55&apos;" hotimage="file=&apos;net_manage_btn.png&apos; source=&apos;154,0,308,55&apos;" pushedimage="file=&apos;net_manage_btn.png&apos; source=&apos;308,0,462,55&apos;" group="navi_bar" selectedimage="file=&apos;net_manage_btn.png&apos; source=&apos;308,0,462,55&apos;" />
            <Option name="about_btn" float="true" pos="560,1,765,56" textcolor="#FF000000" disabledtextcolor="#FFA7A6AA" align="center" normalimage="file=&apos;about_btn.png&apos; source=&apos;0,0,154,55&apos;" hotimage="file=&apos;about_btn.png&apos; source=&apos;154,0,308,55&apos;" pushedimage="file=&apos;about_btn.png&apos; source=&apos;308,0,462,55&apos;" group="navi_bar" selectedimage="file=&apos;about_btn.png&apos; source=&apos;308,0,462,55&apos;" />
        </HorizontalLayout>
        <HorizontalLayout name="space_span" pos="1,83,767,93" width="766" height="10">
            <HorizontalLayout name="other_part_layout" pos="0,0,766,493" width="766" height="493" />
        </HorizontalLayout>
        <HorizontalLayout name="low_part_layout" pos="1,116,767,575" width="766" height="459">
            <VerticalLayout name="status_tip_layout" pos="0,0,132,454" width="132" height="454">
                <Text name="work_status" float="true" pos="36,14,102,97" bkimage="file=&apos;main_icon.png&apos; dest=&apos;0,0,106,143&apos; source=&apos;0,0,59,77&apos;" textpadding="2,106,2,2" textcolor="#00FFFFFF" disabledtextcolor="#FFA7A6AA" align="centerwrap" />
                <Text name="desc_txt" text="多功能,多应用为您提供全面的安全保障" float="true" pos="12,110,124,137" textpadding="2,0,2,0" textcolor="#00FFFFFF" disabledtextcolor="#FFA7A6AA" align="centerwrap" />
            </VerticalLayout>
            <Label name="frame_title_remain" float="true" pos="303,4,764,35" bkimage="file=&apos;frame_title_rbk.png&apos; dest=&apos;0,0,461,31&apos; source=&apos;0,0,1,31&apos;" textcolor="#FF000000" disabledtextcolor="#FFA7A6AA" />
            <Label name="frame_title" float="true" pos="132,4,304,35" bkimage="file=&apos;frame_title_lbk.png&apos; dest=&apos;0,0,170,31&apos; source=&apos;0,0,1,31&apos;" textcolor="#FF000000" disabledtextcolor="#FFA7A6AA" font="0" align="center" />
            <VerticalLayout name="frame_container" pos="132,0,764,457" width="632" height="457">
                <HorizontalLayout name="frame_left" pos="0,0,630,34" width="630" height="34" />
                <HorizontalLayout name="HorizontalLayoutUI1" pos="1,35,634,459" width="633" height="424" bkcolor="#FFFFFFFF">
                    <TabLayout name="frame" >
				<HorizontalLayout>
					<summary_tab />
				</HorizontalLayout>
				
				<HorizontalLayout>
					<fw_tab />
				</HorizontalLayout>
				
				<HorizontalLayout>
				   <about_tab />
				</HorizontalLayout>
					</TabLayout>
                </HorizontalLayout>
            </VerticalLayout>
        </HorizontalLayout>
    </VerticalLayout>
</Window>
