<?xml version="1.0" encoding="utf-8" standalone="yes" ?>
<Window size="630,400" sizebox="4,4,6,6" caption="0,0,0,30">
    <VerticalLayout name="VerticalLayoutUI1" pos="0,0,630,400" width="630" height="400" bkcolor="#FFFFFFFF">
        <Button name="defense_event_btn" text="主动防御日志" float="true" align="left" pos="46,28,346,98" bkimage="file=&apos;defense_event.png&apos; dest=&apos;6,20,33,51&apos; source=&apos;0,0,27,31&apos;" textpadding="36,0,2,0" textcolor="#FF000000" disabledtextcolor="#FFA7A6AA" showhtml="true" hottextcolor="#FFD3215F" />
        <HorizontalLayout name="defense_lower_layout" pos="0,0,626,28" width="626" height="28" />
        <Button name="defense_trust_btn" text="被信任的文件" float="true" align="left" pos="46,97,346,167" bkimage="file=&apos;trusted_file.png&apos; dest=&apos;7,20,33,51&apos; source=&apos;0,0,26,31&apos;" textpadding="36,0,2,0" textcolor="#FF000000" disabledtextcolor="#FFA7A6AA" showhtml="true" hottextcolor="#FFD3215F" />
        <Button name="defense_block_btn" text="未知的文件" float="true" align="left" pos="46,166,346,236" bkimage="file=&apos;unrec_file.png&apos; dest=&apos;7,20,33,51&apos; source=&apos;0,0,26,31&apos;" textpadding="36,0,2,0" textcolor="#FF000000" disabledtextcolor="#FFA7A6AA" showhtml="true" hottextcolor="#FFD3215F" />
        <Button name="defense_secu_btn" text="主动防御安全策略" float="true" align="left" pos="46,235,346,305" bkimage="file=&apos;computer_security.png&apos; dest=&apos;5,20,36,51&apos; source=&apos;0,0,31,31&apos;" textpadding="36,0,2,0" textcolor="#FF000000" disabledtextcolor="#FFA7A6AA" showhtml="true" hottextcolor="#FFD3215F" />
		<Button name="all_proc_btn" text="所有运行的程序" float="true" align="left" pos="345,28,627,98" bkimage="file=&apos;proc_list.png&apos; dest=&apos;5,20,35,52&apos; source=&apos;0,0,30,32&apos;" textpadding="36,0,2,0" textcolor="#FF000000" disabledtextcolor="#FFA7A6AA" showhtml="true" hottextcolor="#FFD3215F" />
		<Button name="net_cfg_btn" text="关闭/开启网络控制面板" float="true" align="left" pos="46,305,346,375" bkimage="file=&apos;netcfg.png&apos; dest=&apos;4,20,36,52&apos; source=&apos;0,0,32,32&apos;" textpadding="36,0,2,0" textcolor="#FF000000" disabledtextcolor="#FFA7A6AA" showhtml="true" hottextcolor="#FFD3215F" />
    </VerticalLayout>
</Window>
