<?xml version="1.0" encoding="utf-8" standalone="yes" ?>
<Window size="500,300" sizebox="4,4,6,6" caption="0,0,0,25" mininfo="500,300" roundcorner="5,5">
  <Font name="宋体" size="19" bold="false" italic="false" />
  <Font name="黑体" size="15" bold="true" italic="false" />
  <Font name="MS Sans Serif" size="9" bold="true" italic="false" />
  <Font name="方正姚体" size="28" bold="false" italic="false" />
  <Font name="方正姚体" size="19" bold="false" italic="false" />
  <Font name="MS Sans Serif" size="23" bold="true" italic="false" />
  <Font name="MS Sans Serif" size="13" bold="true" italic="false" />
  <Font name="黑体" size="31" bold="false" italic="false" />
  <Font name="黑体" size="19" bold="false" italic="false" />
  <Font name="宋体" size="13" bold="false" italic="false" />
  <Font name="宋体" size="12" bold="false" italic="false" />
  <Font name="宋体" size="10" bold="false" italic="false" />
  <Font name="MS Sans Serif" size="8" bold="false" italic="false" />

  <Default name="VScrollBar" value="bordercolor=&quot;#ffbbbbbb&quot; button1normalimage=&quot;file=&apos;vscroll.png&apos; source=&apos;0,0,16,16&apos;&quot; button1hotimage=&quot;file=&apos;vscroll.png&apos; source=&apos;0,0,16,16&apos; mask=&apos;#FFFF00FF&apos;&quot; button1pushedimage=&quot;file=&apos;vscroll.png&apos; source=&apos;0,16,16,32&apos; mask=&apos;#FFFF00FF&apos;&quot; button1disabledimage=&quot;file=&apos;vscroll.png&apos; source=&apos;0,0,16,16&apos; mask=&apos;#FFFF00FF&apos;&quot; button2normalimage=&quot;file=&apos;vscroll.png&apos; source=&apos;0,32,16,48&apos; mask=&apos;#FFFF00FF&apos;&quot; button2hotimage=&quot;file=&apos;vscroll.png&apos; source=&apos;0,32,16,48&apos; mask=&apos;#FFFF00FF&apos;&quot; button2pushedimage=&quot;file=&apos;vscroll.png&apos; source=&apos;0,48,16,64&apos; mask=&apos;#FFFF00FF&apos;&quot; button2disabledimage=&quot;file=&apos;vscroll.png&apos; source=&apos;0,32,16,48&apos; mask=&apos;#FFFF00FF&apos;&quot; thumbnormalimage=&quot;file=&apos;vscroll.png&apos; source=&apos;0,64,16,80&apos; corner=&apos;2,2,2,2&apos; mask=&apos;#FFFF00FF&apos;&quot; thumbhotimage=&quot;file=&apos;vscroll.png&apos; source=&apos;0,64,16,80&apos; corner=&apos;2,2,2,2&apos; mask=&apos;#FFFF00FF&apos;&quot; thumbpushedimage=&quot;ffile=&apos;vscroll.png&apos; source=&apos;0,64,16,80&apos; corner=&apos;2,2,2,2&apos; mask=&apos;#FFFF00FF&apos;&quot; thumbdisabledimage=&quot;file=&apos;vscroll.png&apos; source=&apos;0,64,16,80&apos; corner=&apos;2,2,2,2&apos; mask=&apos;#FFFF00FF&apos;&quot; railnormalimage=&quot;file=&apos;vscroll.png&apos; source=&apos;0,80,16,96&apos; corner=&apos;2,2,2,2&apos; mask=&apos;#FFFF00FF&apos;&quot; railhotimage=&quot;file=&apos;vscroll.png&apos; source=&apos;0,80,16,96&apos; corner=&apos;2,2,2,2&apos; mask=&apos;#FFFF00FF&apos;&quot; railpushedimage=&quot;file=&apos;vscroll.png&apos; source=&apos;0,96,16,112&apos; corner=&apos;2,2,2,2&apos; mask=&apos;#FFFF00FF&apos;&quot; raildisabledimage=&quot;file=&apos;vscroll.png&apos; source=&apos;0,80,16,96&apos; corner=&apos;2,2,2,2&apos; mask=&apos;#FFFF00FF&apos;&quot; bknormalimage=&quot;file=&apos;vscroll.png&apos; source=&apos;0,128,16,146&apos; corner=&apos;2,2,2,2&apos; mask=&apos;#FFFF00FF&apos;&quot; bkhotimage=&quot;file=&apos;vscroll.png&apos; source=&apos;0,128,16,146&apos; corner=&apos;2,2,2,2&apos; mask=&apos;#FFFF00FF&apos;&quot; bkpushedimage=&quot;file=&apos;vscroll.png&apos; source=&apos;0,128,16,146&apos; corner=&apos;2,2,2,2&apos; mask=&apos;#FFFF00FF&apos;&quot; bkdisabledimage=&quot;file=&apos;vscroll.png&apos; source=&apos;0,128,16,146&apos; corner=&apos;2,2,2,2&apos; mask=&apos;#FFFF00FF&apos;&quot; " />
  <Default name="HScrollBar" value="bordercolor=&quot;#ffbbbbbb&quot; button1normalimage=&quot;file=&apos;hscroll.png&apos; source=&apos;0,0,16,16&apos;&quot; button1hotimage=&quot;file=&apos;hscroll.png&apos; source=&apos;0,0,16,16&apos; mask=&apos;#FFFF00FF&apos;&quot; button1pushedimage=&quot;file=&apos;hscroll.png&apos; source=&apos;0,16,16,32&apos; mask=&apos;#FFFF00FF&apos;&quot; button1disabledimage=&quot;file=&apos;hscroll.png&apos; source=&apos;0,0,16,16&apos; mask=&apos;#FFFF00FF&apos;&quot; button2normalimage=&quot;file=&apos;hscroll.png&apos; source=&apos;0,32,16,48&apos; mask=&apos;#FFFF00FF&apos;&quot; button2hotimage=&quot;file=&apos;hscroll.png&apos; source=&apos;0,32,16,48&apos; mask=&apos;#FFFF00FF&apos;&quot; button2pushedimage=&quot;file=&apos;hscroll.png&apos; source=&apos;0,48,16,64&apos; mask=&apos;#FFFF00FF&apos;&quot; button2disabledimage=&quot;file=&apos;hscroll.png&apos; source=&apos;0,32,16,48&apos; mask=&apos;#FFFF00FF&apos;&quot; thumbnormalimage=&quot;file=&apos;hscroll.png&apos; source=&apos;0,64,16,80&apos; corner=&apos;2,2,2,2&apos; mask=&apos;#FFFF00FF&apos;&quot; thumbhotimage=&quot;file=&apos;hscroll.png&apos; source=&apos;0,64,16,80&apos; corner=&apos;2,2,2,2&apos; mask=&apos;#FFFF00FF&apos;&quot; thumbpushedimage=&quot;ffile=&apos;hscroll.png&apos; source=&apos;0,64,16,80&apos; corner=&apos;2,2,2,2&apos; mask=&apos;#FFFF00FF&apos;&quot; thumbdisabledimage=&quot;file=&apos;hscroll.png&apos; source=&apos;0,64,16,80&apos; corner=&apos;2,2,2,2&apos; mask=&apos;#FFFF00FF&apos;&quot; railnormalimage=&quot;file=&apos;hscroll.png&apos; source=&apos;0,80,16,96&apos; corner=&apos;2,2,2,2&apos; mask=&apos;#FFFF00FF&apos;&quot; railhotimage=&quot;file=&apos;hscroll.png&apos; source=&apos;0,80,16,96&apos; corner=&apos;2,2,2,2&apos; mask=&apos;#FFFF00FF&apos;&quot; railpushedimage=&quot;file=&apos;hscroll.png&apos; source=&apos;0,96,16,112&apos; corner=&apos;2,2,2,2&apos; mask=&apos;#FFFF00FF&apos;&quot; raildisabledimage=&quot;file=&apos;hscroll.png&apos; source=&apos;0,80,16,96&apos; corner=&apos;2,2,2,2&apos; mask=&apos;#FFFF00FF&apos;&quot; bknormalimage=&quot;file=&apos;hscroll.png&apos; source=&apos;0,128,16,146&apos; corner=&apos;2,2,2,2&apos; mask=&apos;#FFFF00FF&apos;&quot; bkhotimage=&quot;file=&apos;hscroll.png&apos; source=&apos;0,128,16,146&apos; corner=&apos;2,2,2,2&apos; mask=&apos;#FFFF00FF&apos;&quot; bkpushedimage=&quot;file=&apos;hscroll.png&apos; source=&apos;0,128,16,146&apos; corner=&apos;2,2,2,2&apos; mask=&apos;#FFFF00FF&apos;&quot; bkdisabledimage=&quot;file=&apos;hscroll.png&apos; source=&apos;0,128,16,146&apos; corner=&apos;2,2,2,2&apos; mask=&apos;#FFFF00FF&apos;&quot; " />

  <VerticalLayout name="form_layout" bkcolor="#FFFFFFFF">
      <HorizontalLayout name="caption_layout" height="25">
        <Button name="close_btn" float="true" pos="470,7,495,18" textcolor="#FF000000" disabledtextcolor="#FFA7A6AA" align="center" normalimage="file=&apos;close_btn.png&apos; source=&apos;0,0,25,11&apos; mask=&apos;0xffff00ff&apos;" hotimage="file=&apos;close_btn.png&apos; source=&apos;0,0,25,11&apos; mask=&apos;0xffff00ff&apos;" pushedimage="file=&apos;close_btn.png&apos; source=&apos;0,0,25,11&apos; mask=&apos;0xffff00ff&apos;" hotbkclr="#0F8FC42E" pushedbkclr="#0F749A2E" bkfade="130" bkstyle="2" />
      </HorizontalLayout>
      <!--<HorizontalLayout name="ui_layout" height="28" />-->
      <HorizontalLayout height="26">
        <Combo name="flt_cond" text="过滤条件" tooltip="过滤条件" float="true" pos="8,2,160,20" normalimage="file=&apos;Combo_nor.png&apos; corner=&apos;2,2,24,2&apos;" hotimage="file=&apos;Combo_over.png&apos; corner=&apos;2,2,24,2&apos;" pushedimage="file=&apos;Combo_over.png&apos; corner=&apos;2,2,24,2&apos;" dropboxsize="0,150" itemtextcolor="#FF000000" itemselectedtextcolor="#FF000000" itemselectedbkcolor="#FFC1E3FF" itemhottextcolor="#FF000000" itemhotbkcolor="#FFE9F5FF" itemdisabledtextcolor="#FFCCCCCC" itemdisabledbkcolor="#FFFFFFFF" >
          <ListLabelElement name="cond_image_path" text="可执行文件" selected="true" />
          <ListLabelElement name="cond_proc_name" text="进程名" />
          <ListLabelElement name="cond_cmd_line" text="命令行" />
          <ListLabelElement name="cond_proc_id" text="进程ID" />
          <ListLabelElement name="cond_parent_proc_id" text="父进程ID" />
          <ListLabelElement name="cond_thread_id" text="线程ID" />
          <ListLabelElement name="cond_main_type" text="主类型" />
          <ListLabelElement name="cond_event_type" text="事件类型" />
          <ListLabelElement name="cond_io" text="读/写" />
          <ListLabelElement name="cond_desc" text="对象" />
          <ListLabelElement name="cond_detail" text="事件细节" />
          <ListLabelElement name="cond_data" text="数据" />
          <ListLabelElement name="cond_result" text="结果" />
          <ListLabelElement name="cond_callstack" text="调用堆栈" />
          <ListLabelElement name="cond_duration" text="时间区间" />
          <ListLabelElement name="cond_time" text="日期 时间" />
          <ListLabelElement name="cond_relative_time" text="相对时间" />
          <ListLabelElement name="cond_session" text="会话" />
          <ListLabelElement name="cond_user" text="用户" />
          <ListLabelElement name="cond_user_id" text="身份ID号" />
          <ListLabelElement name="cond_event_id" text="序列号" />
          <ListLabelElement name="cond_corp" text="公司" />
          <ListLabelElement name="cond_version" text="版本" />
          <ListLabelElement name="cond_virtual" text="虚拟化" />
          <ListLabelElement name="cond_cpu_arch" text="CPU架构" />
        </Combo>
        <Combo name="flt_comp" text="比较方式" tooltip="比较方式" float="true" pos="165,2,230,20" normalimage="file=&apos;Combo_nor.png&apos; corner=&apos;2,2,24,2&apos;" hotimage="file=&apos;Combo_over.png&apos; corner=&apos;2,2,24,2&apos;" pushedimage="file=&apos;Combo_over.png&apos; corner=&apos;2,2,24,2&apos;" dropboxsize="0,150" itemtextcolor="#FF000000" itemselectedtextcolor="#FF000000" itemselectedbkcolor="#FFC1E3FF" itemhottextcolor="#FF000000" itemhotbkcolor="#FFE9F5FF" itemdisabledtextcolor="#FFCCCCCC" itemdisabledbkcolor="#FFFFFFFF" >
          <ListLabelElement name="comp_include" text="包含" selected="true" />
          <ListLabelElement name="comp_exclude" text="不包含" />
          <ListLabelElement name="comp_equal" text="等于" />
          <ListLabelElement name="comp_not_euqal" text="不等于" />
          <ListLabelElement name="comp_lower" text="小于" />
          <ListLabelElement name="comp_greater" text="大于" />
          <ListLabelElement name="comp_begin" text="开始" />
          <ListLabelElement name="comp_end" text="结束" />
        </Combo>
        <!--<Combo name="flt_value" text="过滤值" tooltip="过滤值" float="true" pos="325,40,685,58" normalimage="file=&apos;Combo_nor.png&apos; corner=&apos;2,2,24,2&apos;" hotimage="file=&apos;Combo_over.png&apos; corner=&apos;2,2,24,2&apos;" pushedimage="file=&apos;Combo_over.png&apos; corner=&apos;2,2,24,2&apos;" dropboxsize="0,150" itemtextcolor="#FF000000" itemselectedtextcolor="#FF000000" itemselectedbkcolor="#FFC1E3FF" itemhottextcolor="#FF000000" itemhotbkcolor="#FFE9F5FF" itemdisabledtextcolor="#FFCCCCCC" itemdisabledbkcolor="#FFFFFFFF" >
      </Combo>-->
        <Edit name="flt_value" tooltip="过滤值" float="true" pos="235,2,445,20" bkcolor="#FFFFFFFF" bordercolor="#00D1A04E" textpadding="4,3,4,3" textcolor="#FF000000" disabledtextcolor="#FFA7A6AA" >
        </Edit>
        <!--<Combo name="flt_value" tooltip="过滤值" float="true" pos="235,2,445,20" bkcolor="#FFFFFFFF" bordercolor="#00D1A04E" textpadding="4,3,4,3" textcolor="#FF000000" disabledtextcolor="#FFA7A6AA" >
          <ListLabelElement text="" selected="true" />
        </Combo>-->
        <Combo name="flt_result" text="过滤方式" tooltip="过滤方式" float="true" pos="450,2,500,20" normalimage="file=&apos;Combo_nor.png&apos; corner=&apos;2,2,24,2&apos;" hotimage="file=&apos;Combo_over.png&apos; corner=&apos;2,2,24,2&apos;" pushedimage="file=&apos;Combo_over.png&apos; corner=&apos;2,2,24,2&apos;" dropboxsize="0,150" itemtextcolor="#FF000000" itemselectedtextcolor="#FF000000" itemselectedbkcolor="#FFC1E3FF" itemhottextcolor="#FF000000" itemhotbkcolor="#FFE9F5FF" itemdisabledtextcolor="#FFCCCCCC" itemdisabledbkcolor="#FFFFFFFF" >
          <ListLabelElement name="mode_include" text="加入" selected="true" />
          <ListLabelElement name="mode_exclude" text="排除" />
        </Combo>
      </HorizontalLayout>

      <HorizontalLayout name="flt_cond_container" >
        <List name="flt_cond_list" bkcolor="#FFFFFFFF" inset="0,0,0,0" itemshowhtml="true" vscrollbar="true" hscrollbar="true" headerbkimage="file='list_header_bg.png'" itemalign="left" itemtextpadding="5,0,0,0" itembkcolor="#FFE2DDDF" itemaltbk="true" menu="true">
          <ListHeader height="24" menu="true">
            <ListHeaderItem name="header_cond" text="条件"  font="10" width="100" hotimage="file='list_header_hot.png'" pushedimage="file='list_header_pushed.png'" sepimage="file='list_header_sep.png'" sepwidth="1"/>
            <ListHeaderItem name="header_comp" text="比较方式" font="10" width="240" hotimage="file='list_header_hot.png'" pushedimage="file='list_header_pushed.png'" sepimage="file='list_header_sep.png'" sepwidth="1"/>
            <ListHeaderItem name="header_value" text="值" font="10" width="240" hotimage="file='list_header_hot.png'" pushedimage="file='list_header_pushed.png'" sepimage="file='list_header_sep.png'" sepwidth="1"/>
            <ListHeaderItem name="header_mode" text="过滤方式" font="10" width="240" hotimage="file='list_header_hot.png'" pushedimage="file='list_header_pushed.png'" sepimage="file='list_header_sep.png'" sepwidth="1"/>
          </ListHeader>
        </List>
      </HorizontalLayout>
      <HorizontalLayout height="45">
        <Option name="flt_drop_chk" text="丢掉排除日志" float="true" pos="5,12,0,0" width="88" height="16" textpadding="16,0,0,0" textcolor="#FF000000" disabledtextcolor="#FFA7A6AA" align="left" normalimage="file=&apos;check_box.png&apos; dest=&apos;1,1,14,14&apos; source=&apos;13,0,26,13&apos;" hotimage="file=&apos;check_box.png&apos; dest=&apos;0,0,15,15&apos; source=&apos;41,0,56,15&apos;" pushedimage="file=&apos;check_box.png&apos; dest=&apos;0,0,15,15&apos; source=&apos;26,0,41,15&apos;" hottextcolor="#FF0505A5" selectedimage="file=&apos;check_box.png&apos; dest=&apos;1,1,14,14&apos; source=&apos;0,0,13,13&apos;" selectedhotimage="file=&apos;check_box.png&apos; dest=&apos;1,1,14,14&apos; source=&apos;0,0,13,13&apos;" />
        <Button name="flt_save_btn" text="另存" float="true" pos="95,8,0,0" width="50" height="25" textcolor="#FF000000" disabledtextcolor="#FFA7A6AA" align="center" normalimage="file=&apos;button_nor.png&apos; dest=&apos;0,0,100,25&apos; source=&apos;0,0,75,24&apos;" hotimage="file=&apos;button_over.png&apos; dest=&apos;0,0,100,25&apos; source=&apos;0,0,75,24&apos;" pushedimage="file=&apos;button_down.png&apos; dest=&apos;0,0,100,25&apos; source=&apos;0,0,75,24&apos;" />
        <Button name="flt_load_btn" text="加载" float="true" pos="150,8,0,0" width="50" height="25" textcolor="#FF000000" disabledtextcolor="#FFA7A6AA" align="center" normalimage="file=&apos;button_nor.png&apos; dest=&apos;0,0,100,25&apos; source=&apos;0,0,75,24&apos;" hotimage="file=&apos;button_over.png&apos; dest=&apos;0,0,100,25&apos; source=&apos;0,0,75,24&apos;" pushedimage="file=&apos;button_down.png&apos; dest=&apos;0,0,100,25&apos; source=&apos;0,0,75,24&apos;" />
        <Button name="flt_restore_btn" text="一般过滤" float="true" pos="205,8,0,0" width="50" height="25" textcolor="#FF000000" disabledtextcolor="#FFA7A6AA" align="center" normalimage="file=&apos;button_nor.png&apos; dest=&apos;0,0,100,25&apos; source=&apos;0,0,75,24&apos;" hotimage="file=&apos;button_over.png&apos; dest=&apos;0,0,100,25&apos; source=&apos;0,0,75,24&apos;" pushedimage="file=&apos;button_down.png&apos; dest=&apos;0,0,100,25&apos; source=&apos;0,0,75,24&apos;" />
        <Button name="flt_add_btn" text="添加" float="true" pos="260,8,0,0" width="50" height="25" textcolor="#FF000000" disabledtextcolor="#FFA7A6AA" align="center" normalimage="file=&apos;button_nor.png&apos; dest=&apos;0,0,100,25&apos; source=&apos;0,0,75,24&apos;" hotimage="file=&apos;button_over.png&apos; dest=&apos;0,0,100,25&apos; source=&apos;0,0,75,24&apos;" pushedimage="file=&apos;button_down.png&apos; dest=&apos;0,0,100,25&apos; source=&apos;0,0,75,24&apos;" />
        <Button name="flt_del_btn" text="删除" float="true" pos="315,8,0,0" width="50" height="25" textcolor="#FF000000" disabledtextcolor="#FFA7A6AA" align="center" normalimage="file=&apos;button_nor.png&apos; dest=&apos;0,0,100,25&apos; source=&apos;0,0,75,24&apos;" hotimage="file=&apos;button_over.png&apos; dest=&apos;0,0,100,25&apos; source=&apos;0,0,75,24&apos;" pushedimage="file=&apos;button_down.png&apos; dest=&apos;0,0,100,25&apos; source=&apos;0,0,75,24&apos;" />
        <Button name="flt_reset_btn" text="清空" float="true" pos="370,8,0,0" width="50" height="25" textcolor="#FF000000" disabledtextcolor="#FFA7A6AA" align="center" normalimage="file=&apos;button_nor.png&apos; dest=&apos;0,0,100,25&apos; source=&apos;0,0,75,24&apos;" hotimage="file=&apos;button_over.png&apos; dest=&apos;0,0,100,25&apos; source=&apos;0,0,75,24&apos;" pushedimage="file=&apos;button_down.png&apos; dest=&apos;0,0,100,25&apos; source=&apos;0,0,75,24&apos;" />
        <Button name="flt_btn" text="过滤" float="true" pos="425,8,0,0" width="50" height="25" textcolor="#FF000000" disabledtextcolor="#FFA7A6AA" align="center" normalimage="file=&apos;button_nor.png&apos; dest=&apos;0,0,126,25&apos; source=&apos;0,0,75,24&apos;" hotimage="file=&apos;button_over.png&apos; dest=&apos;0,0,126,25&apos; source=&apos;0,0,75,24&apos;" pushedimage="file=&apos;button_down.png&apos; dest=&apos;0,0,126,25&apos; source=&apos;0,0,75,24&apos;" />      
      </HorizontalLayout>
    </VerticalLayout>
</Window>
