<?xml version="1.0" encoding="utf-8" standalone="yes" ?>
<Window size="500,100" sizebox="4,4,6,6" caption="0,0,0,25" mininfo="500,100" roundcorner="5,5">
  <Font name="宋体" size="19" bold="false" italic="false" />
  <Font name="黑体" size="15" bold="true" italic="false" />
  <Font name="MS Sans Serif" size="9" bold="true" italic="false" />
  <Font name="方正姚体" size="28" bold="false" italic="false" />
  <Font name="方正姚体" size="19" bold="false" italic="false" />
  <Font name="MS Sans Serif" size="23" bold="true" italic="false" />
  <Font name="MS Sans Serif" size="13" bold="true" italic="false" />
  <Font name="黑体" size="31" bold="false" italic="false" />
  <Font name="黑体" size="19" bold="false" italic="false" />
  <Font name="宋体" size="13" bold="false" italic="false" />
  <Font name="宋体" size="12" bold="false" italic="false" />
  <Font name="宋体" size="10" bold="false" italic="false" />
  <Font name="MS Sans Serif" size="8" bold="false" italic="false" />

  <Default name="VScrollBar" value="bordercolor=&quot;#ffbbbbbb&quot; button1normalimage=&quot;file=&apos;vscroll.png&apos; source=&apos;0,0,16,16&apos;&quot; button1hotimage=&quot;file=&apos;vscroll.png&apos; source=&apos;0,0,16,16&apos; mask=&apos;#FFFF00FF&apos;&quot; button1pushedimage=&quot;file=&apos;vscroll.png&apos; source=&apos;0,16,16,32&apos; mask=&apos;#FFFF00FF&apos;&quot; button1disabledimage=&quot;file=&apos;vscroll.png&apos; source=&apos;0,0,16,16&apos; mask=&apos;#FFFF00FF&apos;&quot; button2normalimage=&quot;file=&apos;vscroll.png&apos; source=&apos;0,32,16,48&apos; mask=&apos;#FFFF00FF&apos;&quot; button2hotimage=&quot;file=&apos;vscroll.png&apos; source=&apos;0,32,16,48&apos; mask=&apos;#FFFF00FF&apos;&quot; button2pushedimage=&quot;file=&apos;vscroll.png&apos; source=&apos;0,48,16,64&apos; mask=&apos;#FFFF00FF&apos;&quot; button2disabledimage=&quot;file=&apos;vscroll.png&apos; source=&apos;0,32,16,48&apos; mask=&apos;#FFFF00FF&apos;&quot; thumbnormalimage=&quot;file=&apos;vscroll.png&apos; source=&apos;0,64,16,80&apos; corner=&apos;2,2,2,2&apos; mask=&apos;#FFFF00FF&apos;&quot; thumbhotimage=&quot;file=&apos;vscroll.png&apos; source=&apos;0,64,16,80&apos; corner=&apos;2,2,2,2&apos; mask=&apos;#FFFF00FF&apos;&quot; thumbpushedimage=&quot;ffile=&apos;vscroll.png&apos; source=&apos;0,64,16,80&apos; corner=&apos;2,2,2,2&apos; mask=&apos;#FFFF00FF&apos;&quot; thumbdisabledimage=&quot;file=&apos;vscroll.png&apos; source=&apos;0,64,16,80&apos; corner=&apos;2,2,2,2&apos; mask=&apos;#FFFF00FF&apos;&quot; railnormalimage=&quot;file=&apos;vscroll.png&apos; source=&apos;0,80,16,96&apos; corner=&apos;2,2,2,2&apos; mask=&apos;#FFFF00FF&apos;&quot; railhotimage=&quot;file=&apos;vscroll.png&apos; source=&apos;0,80,16,96&apos; corner=&apos;2,2,2,2&apos; mask=&apos;#FFFF00FF&apos;&quot; railpushedimage=&quot;file=&apos;vscroll.png&apos; source=&apos;0,96,16,112&apos; corner=&apos;2,2,2,2&apos; mask=&apos;#FFFF00FF&apos;&quot; raildisabledimage=&quot;file=&apos;vscroll.png&apos; source=&apos;0,80,16,96&apos; corner=&apos;2,2,2,2&apos; mask=&apos;#FFFF00FF&apos;&quot; bknormalimage=&quot;file=&apos;vscroll.png&apos; source=&apos;0,128,16,146&apos; corner=&apos;2,2,2,2&apos; mask=&apos;#FFFF00FF&apos;&quot; bkhotimage=&quot;file=&apos;vscroll.png&apos; source=&apos;0,128,16,146&apos; corner=&apos;2,2,2,2&apos; mask=&apos;#FFFF00FF&apos;&quot; bkpushedimage=&quot;file=&apos;vscroll.png&apos; source=&apos;0,128,16,146&apos; corner=&apos;2,2,2,2&apos; mask=&apos;#FFFF00FF&apos;&quot; bkdisabledimage=&quot;file=&apos;vscroll.png&apos; source=&apos;0,128,16,146&apos; corner=&apos;2,2,2,2&apos; mask=&apos;#FFFF00FF&apos;&quot; " />
  <Default name="HScrollBar" value="bordercolor=&quot;#ffbbbbbb&quot; button1normalimage=&quot;file=&apos;hscroll.png&apos; source=&apos;0,0,16,16&apos;&quot; button1hotimage=&quot;file=&apos;hscroll.png&apos; source=&apos;0,0,16,16&apos; mask=&apos;#FFFF00FF&apos;&quot; button1pushedimage=&quot;file=&apos;hscroll.png&apos; source=&apos;0,16,16,32&apos; mask=&apos;#FFFF00FF&apos;&quot; button1disabledimage=&quot;file=&apos;hscroll.png&apos; source=&apos;0,0,16,16&apos; mask=&apos;#FFFF00FF&apos;&quot; button2normalimage=&quot;file=&apos;hscroll.png&apos; source=&apos;0,32,16,48&apos; mask=&apos;#FFFF00FF&apos;&quot; button2hotimage=&quot;file=&apos;hscroll.png&apos; source=&apos;0,32,16,48&apos; mask=&apos;#FFFF00FF&apos;&quot; button2pushedimage=&quot;file=&apos;hscroll.png&apos; source=&apos;0,48,16,64&apos; mask=&apos;#FFFF00FF&apos;&quot; button2disabledimage=&quot;file=&apos;hscroll.png&apos; source=&apos;0,32,16,48&apos; mask=&apos;#FFFF00FF&apos;&quot; thumbnormalimage=&quot;file=&apos;hscroll.png&apos; source=&apos;0,64,16,80&apos; corner=&apos;2,2,2,2&apos; mask=&apos;#FFFF00FF&apos;&quot; thumbhotimage=&quot;file=&apos;hscroll.png&apos; source=&apos;0,64,16,80&apos; corner=&apos;2,2,2,2&apos; mask=&apos;#FFFF00FF&apos;&quot; thumbpushedimage=&quot;ffile=&apos;hscroll.png&apos; source=&apos;0,64,16,80&apos; corner=&apos;2,2,2,2&apos; mask=&apos;#FFFF00FF&apos;&quot; thumbdisabledimage=&quot;file=&apos;hscroll.png&apos; source=&apos;0,64,16,80&apos; corner=&apos;2,2,2,2&apos; mask=&apos;#FFFF00FF&apos;&quot; railnormalimage=&quot;file=&apos;hscroll.png&apos; source=&apos;0,80,16,96&apos; corner=&apos;2,2,2,2&apos; mask=&apos;#FFFF00FF&apos;&quot; railhotimage=&quot;file=&apos;hscroll.png&apos; source=&apos;0,80,16,96&apos; corner=&apos;2,2,2,2&apos; mask=&apos;#FFFF00FF&apos;&quot; railpushedimage=&quot;file=&apos;hscroll.png&apos; source=&apos;0,96,16,112&apos; corner=&apos;2,2,2,2&apos; mask=&apos;#FFFF00FF&apos;&quot; raildisabledimage=&quot;file=&apos;hscroll.png&apos; source=&apos;0,80,16,96&apos; corner=&apos;2,2,2,2&apos; mask=&apos;#FFFF00FF&apos;&quot; bknormalimage=&quot;file=&apos;hscroll.png&apos; source=&apos;0,128,16,146&apos; corner=&apos;2,2,2,2&apos; mask=&apos;#FFFF00FF&apos;&quot; bkhotimage=&quot;file=&apos;hscroll.png&apos; source=&apos;0,128,16,146&apos; corner=&apos;2,2,2,2&apos; mask=&apos;#FFFF00FF&apos;&quot; bkpushedimage=&quot;file=&apos;hscroll.png&apos; source=&apos;0,128,16,146&apos; corner=&apos;2,2,2,2&apos; mask=&apos;#FFFF00FF&apos;&quot; bkdisabledimage=&quot;file=&apos;hscroll.png&apos; source=&apos;0,128,16,146&apos; corner=&apos;2,2,2,2&apos; mask=&apos;#FFFF00FF&apos;&quot; " />

  <VerticalLayout name="form_layout" bkcolor="#FFFFFFFF">
    <HorizontalLayout name="caption_layout" height="25">
      <Button name="close_btn" float="true" pos="470,7,495,18" textcolor="#FF000000" disabledtextcolor="#FFA7A6AA" align="center" normalimage="file=&apos;close_btn.png&apos; source=&apos;0,0,25,11&apos; mask=&apos;0xffff00ff&apos;" hotimage="file=&apos;close_btn.png&apos; source=&apos;0,0,25,11&apos; mask=&apos;0xffff00ff&apos;" pushedimage="file=&apos;close_btn.png&apos; source=&apos;0,0,25,11&apos; mask=&apos;0xffff00ff&apos;" hotbkclr="#0F8FC42E" pushedbkclr="#0F749A2E" bkfade="130" bkstyle="2" />
    </HorizontalLayout>
    
    <HorizontalLayout height="25">
      <Label name="focus_proc" tooltip="定位进程" float="true" pos="100,2,120,22" bkcolor="#FFFFFFFF" bordercolor="#00D1A04E" textpadding="4,3,4,3" normalimage="file=&apos;button_nor.png&apos; dest=&apos;0,0,100,25&apos; source=&apos;0,0,75,24&apos;" hotimage="file=&apos;button_over.png&apos; dest=&apos;0,0,100,25&apos; source=&apos;0,0,75,24&apos;" pushedimage="file=&apos;button_down.png&apos; dest=&apos;0,0,100,25&apos; source=&apos;0,0,75,24&apos;" textcolor="#FF000000" disabledtextcolor="#FFA7A6AA" >
      </Label>
    </HorizontalLayout>
    
    <HorizontalLayout height="45">
      <!--<Button name="ok_btn" text="确定" float="true" pos="330,8,0,0" width="75" height="25" textcolor="#FF000000" disabledtextcolor="#FFA7A6AA" align="center" normalimage="file=&apos;button_nor.png&apos; dest=&apos;0,0,100,25&apos; source=&apos;0,0,75,24&apos;" hotimage="file=&apos;button_over.png&apos; dest=&apos;0,0,100,25&apos; source=&apos;0,0,75,24&apos;" pushedimage="file=&apos;button_down.png&apos; dest=&apos;0,0,100,25&apos; source=&apos;0,0,75,24&apos;" />-->
      <Button name="cancel_btn" text="取消" float="true" pos="410,8,0,0" width="75" height="25" textcolor="#FF000000" disabledtextcolor="#FFA7A6AA" align="center" normalimage="file=&apos;button_nor.png&apos; dest=&apos;0,0,100,25&apos; source=&apos;0,0,75,24&apos;" hotimage="file=&apos;button_over.png&apos; dest=&apos;0,0,100,25&apos; source=&apos;0,0,75,24&apos;" pushedimage="file=&apos;button_down.png&apos; dest=&apos;0,0,100,25&apos; source=&apos;0,0,75,24&apos;" />
    </HorizontalLayout>
  </VerticalLayout>
</Window>
