<?xml version="1.0" encoding="utf-8" standalone="yes" ?>
<Window size="630,400" sizebox="4,4,6,6" caption="0,0,0,30">
    <VerticalLayout name="VerticalLayoutUI1" pos="0,0,630,400" width="630" height="400" bkcolor="#FFFFFFFF">
        <Button name="fw_event_btn" text="防火墙日志" float="true" pos="46,28,346,98" bkimage="file=&apos;fw_event.png&apos; dest=&apos;5,20,34,50&apos; source=&apos;0,0,28,30&apos;" textpadding="36,0,2,0" textcolor="#FF000000" disabledtextcolor="#FFA7A6AA" showhtml="true" hottextcolor="#FFD3215F" align="left" />
        <HorizontalLayout name="HorizontalLayoutUI1" pos="0,0,626,28" width="626" height="28" />
        <Button name="fw_trust_btn" text="添加被信任的程序" float="true" pos="46,97,346,167" bkimage="file=&apos;add_trust_file.png&apos; dest=&apos;5,20,37,50&apos; source=&apos;0,0,32,30&apos;" textpadding="36,0,2,0" textcolor="#FF000000" disabledtextcolor="#FFA7A6AA" showhtml="true" hottextcolor="#FFD3215F" align="left" />
        <Button name="fw_rule_btn" text="设置网络通信规则" visible="false" float="true" pos="345,97,626,167" bkimage="file=&apos;fw_rule.png&apos; dest=&apos;5,20,38,50&apos; source=&apos;0,0,33,30&apos;" textpadding="36,0,2,0" textcolor="#FF000000" disabledtextcolor="#FFA7A6AA" showhtml="true" hottextcolor="#FFD3215F" align="left" />
        <Button name="fw_block_btn" text="添加被限制的程序" float="true" pos="46,166,346,236" bkimage="file=&apos;add_block_file.png&apos; dest=&apos;5,20,37,51&apos; source=&apos;0,0,32,31&apos;" textpadding="36,0,2,0" textcolor="#FF000000" disabledtextcolor="#FFA7A6AA" showhtml="true" hottextcolor="#FFD3215F" align="left" />
        <Button name="fw_setting_btn" text="防火墙设置" visible="false" float="true" pos="345,166,626,236" bkimage="file=&apos;fw_setting.png&apos; dest=&apos;5,20,38,50&apos; source=&apos;0,0,33,30&apos;" textpadding="36,0,2,0" textcolor="#FF000000" disabledtextcolor="#FFA7A6AA" showhtml="true" hottextcolor="#FFD3215F" align="left" />
        <Button name="fw_secu_btn" text="网络安全策略" float="true" pos="46,235,346,305" bkimage="file=&apos;fw_secu.png&apos; dest=&apos;5,20,37,51&apos; source=&apos;0,0,32,31&apos;" textpadding="36,0,2,0" textcolor="#FF000000" disabledtextcolor="#FFA7A6AA" showhtml="true" hottextcolor="#FFD3215F" align="left" />
		 <Button name="icmp_btn" text="阻止/允许ICMP PING" float="true" pos="46,305,346,375" bkimage="file=&apos;ping.png&apos; dest=&apos;5,20,37,52&apos; source=&apos;0,0,32,32&apos;" textpadding="36,0,2,0" textcolor="#FF000000" disabledtextcolor="#FFA7A6AA" showhtml="true" hottextcolor="#FFD3215F" align="left" />
        <Button name="fw_login" text="家长管理" float="true" pos="345,166,627,236" bkimage="file=&apos;fw_login.png&apos; dest=&apos;5,20,37,52&apos; source=&apos;0,0,32,32&apos;" textpadding="36,0,2,0" textcolor="#FF000000" disabledtextcolor="#FFA7A6AA" showhtml="true" hottextcolor="#FFD3215F"  align="left" />
        <Button name="all_conn_btn" text="所有网络连接" float="true" pos="345,28,627,98" bkimage="file=&apos;all_conn.png&apos; dest=&apos;5,20,38,50&apos; source=&apos;0,0,33,30&apos;" textpadding="36,0,2,0" textcolor="#FF000000" disabledtextcolor="#FFA7A6AA" showhtml="true" hottextcolor="#FFD3215F" align="left" />
        <Button name="work_mode_btn" text="改变工作模式" float="true" pos="345,235,627,305" bkimage="file=&apos;work_mode.png&apos; dest=&apos;5,20,37,52&apos; source=&apos;0,0,32,32&apos;" textpadding="36,0,2,0" textcolor="#FF000000" disabledtextcolor="#FFA7A6AA" showhtml="true" hottextcolor="#FFD3215F" align="left" />
		<Button name="anti_arp_btn" text="ARP防火墙" float="true" pos="345,97,627,167" bkimage="file=&apos;anti_arp.png&apos; dest=&apos;5,20,37,52&apos; source=&apos;0,0,32,32&apos;" textpadding="36,0,2,0" textcolor="#FF000000" disabledtextcolor="#FFA7A6AA" showhtml="true" hottextcolor="#FFD3215F" align="left" />
    </VerticalLayout>
</Window>
