<?xml version="1.0" encoding="utf-8" standalone="yes" ?>
<Window size="393,280" sizebox="4,4,6,6" caption="0,0,0,30">
    <HorizontalLayout name="form_layout" pos="142,114,202,144" width="60" height="30">
        <VerticalLayout name="left_boder_layout" pos="87,148,92,428" width="5" height="280" />
        <VerticalLayout name="middle_layout" pos="111,120,494,400" width="383" height="280">
            <HorizontalLayout name="top_layout" pos="204,53,587,73" width="383" height="20" />
            <HorizontalLayout name="text_layout" pos="0,23,383,275" width="383" height="252" bkcolor="#FFFFFBF0">
                <Button name="yes_btn" text="是" float="true" pos="16,213,91,236" textcolor="#FF000000" disabledtextcolor="#FFA7A6AA" align="center" normalimage="file=&apos;button_nor.png&apos; dest=&apos;0,0,75,24&apos; source=&apos;0,0,75,24&apos;" hotimage="file=&apos;button_over.png&apos; dest=&apos;0,0,75,24&apos; source=&apos;0,0,75,24&apos;" pushedimage="file=&apos;button_down.png&apos; dest=&apos;0,0,75,24&apos; source=&apos;0,0,75,24&apos;" />
                <Button name="no_btn" text="否" float="true" pos="294,217,369,240" textcolor="#FF000000" disabledtextcolor="#FFA7A6AA" align="center" normalimage="file=&apos;button_nor.png&apos; dest=&apos;0,0,75,24&apos; source=&apos;0,0,75,24&apos;" hotimage="file=&apos;button_over.png&apos; dest=&apos;0,0,75,24&apos; source=&apos;0,0,75,24&apos;" pushedimage="file=&apos;button_down.png&apos; dest=&apos;0,0,75,24&apos; source=&apos;0,0,75,24&apos;" />
                <Edit name="edit_path" float="true" pos="14,62,324,87" bkcolor="#FFFFFFFF" textpadding="4,3,4,3" textcolor="#FF000000" disabledtextcolor="#FFA7A6AA" />
                <Text name="txt_path" text="安装目录:" float="true" pos="15,32,75,47" textpadding="2,0,2,0" textcolor="#FF000000" disabledtextcolor="#FFA7A6AA" align="wrap" />
                <Button name="browser_btn" text="浏览" float="true" pos="330,61,369,88" textcolor="#FF000000" disabledtextcolor="#FFA7A6AA" align="center" />
            </HorizontalLayout>
        </VerticalLayout>
        <VerticalLayout name="right_border_layout" pos="389,194,394,474" width="5" height="280" />
    </HorizontalLayout>
</Window>
