<?xml version="1.0" encoding="utf-8" standalone="yes" ?>
<Window size="300,115" sizebox="4,4,6,6" caption="0,0,0,36" roundcorner="4,4">
    <Font name="宋体" size="12" bold="false" italic="false" default="true" />
    <VerticalLayout name="form_layout" pos="0,0,300,135" width="300" height="135" bkimage="file=&apos;winbk.bmp&apos; corner=&apos;4,48,4,4&apos; mask=&apos;#FFFF00FF&apos;" inset="4,0,4,4">
        <HorizontalLayout name="caption_layout" pos="0,0,300,25" width="300" height="25">
            <Button name="close_btn" float="true" pos="269,7,294,18" textcolor="#FF000000" disabledtextcolor="#FFA7A6AA" align="center" normalimage="file=&apos;close_btn.png&apos; source=&apos;0,0,25,11&apos; mask=&apos;0xffff00ff&apos;" hotimage="file=&apos;close_btn.png&apos; source=&apos;0,0,25,11&apos; mask=&apos;0xffff00ff&apos;" pushedimage="file=&apos;close_btn.png&apos; source=&apos;0,0,25,11&apos; mask=&apos;0xffff00ff&apos;" hotbkclr="#0F8FC42E" pushedbkclr="#0F749A2E" bkfade="130" bkstyle="2" />            
            <Label name="title_label" text="绿色上网登陆" float="true" pos="17,4,178,21" textcolor="#00FFFBF0" disabledtextcolor="#FFA7A6AA" />
        </HorizontalLayout>
        <HorizontalLayout name="lower_layout" pos="4,25,304,115" width="300" height="90">
            <Container name="ContainerUI1" pos="0,0,292,87" width="292" height="87" bkcolor="#FFFFFFFF">
			<Label name="pwd_label" text="密码:" float="true" pos="30,20,79,37" textcolor="#FF000000" disabledtextcolor="#FFA7A6AA" align="right" />
                <Edit name="pwd_edit" float="true" pos="86,17,266,37" bkcolor="#FFFFFFFF" bordercolor="#00D1A04E" textpadding="4,3,4,3" textcolor="#FF000000" disabledtextcolor="#FFA7A6AA" password="true" />
                <Button name="ok_btn" text="登陆" tooltip="点击这里登录" float="true" pos="14,51,89,74" textcolor="#FF000000" disabledtextcolor="#FFA7A6AA" align="center" normalimage="file=&apos;button_nor.png&apos; dest=&apos;0,0,75,23&apos; source=&apos;0,0,75,23&apos;" hotimage="file=&apos;button_over.png&apos; dest=&apos;0,0,75,23&apos; source=&apos;0,0,75,23&apos;" pushedimage="file=&apos;button_down.png&apos; dest=&apos;0,0,75,23&apos; source=&apos;0,0,75,23&apos;" />
                <Button name="chg_pwd_btn" text="更改登陆密码" float="true" pos="109,51,189,74" textcolor="#FF000000" disabledtextcolor="#FFA7A6AA" align="center" normalimage="file=&apos;button_nor.png&apos; dest=&apos;0,0,80,23&apos; source=&apos;0,0,75,23&apos;" hotimage="file=&apos;button_over.png&apos; dest=&apos;0,0,80,23&apos; source=&apos;0,0,75,23&apos;" pushedimage="file=&apos;button_down.png&apos; dest=&apos;0,0,80,23&apos; source=&apos;0,0,75,23&apos;" />
                <Button name="cancel_btn" text="取消" tooltip="点击这里取消登录" float="true" pos="205,51,280,74" textcolor="#FF000000" disabledtextcolor="#FFA7A6AA" align="center" normalimage="file=&apos;button_nor.png&apos; dest=&apos;0,0,75,23&apos; source=&apos;0,0,75,23&apos;" hotimage="file=&apos;button_over.png&apos; dest=&apos;0,0,75,23&apos; source=&apos;0,0,75,23&apos;" pushedimage="file=&apos;button_down.png&apos; dest=&apos;0,0,75,23&apos; source=&apos;0,0,75,23&apos;" />
            </Container>
        </HorizontalLayout>
    </VerticalLayout>
</Window>
