<?xml version="1.0" encoding="utf-8" standalone="yes" ?>
<Window size="490,280" sizebox="4,4,6,6" caption="0,0,0,30">
    <VerticalLayout name="form_layout" pos="0,0,490,300" width="490" height="300" bkcolor="#FF35393D">
        <HorizontalLayout name="caption_layout" pos="0,0,490,25" width="490" height="25">
            <Button name="close_btn" float="true" pos="459,7,484,18" textcolor="#FF000000" disabledtextcolor="#FFA7A6AA" align="center" normalimage="file=&apos;close_btn.png&apos; source=&apos;0,0,25,11&apos;" hotimage="file=&apos;close_btn.png&apos; source=&apos;25,0,50,11&apos;" pushedimage="file=&apos;close_btn.png&apos; source=&apos;50,0,75,11&apos;" />
            <Button name="nor_btn" float="true" pos="432,7,457,18" textcolor="#FF000000" disabledtextcolor="#FFA7A6AA" align="center" normalimage="file=&apos;norm_btn.png&apos; source=&apos;0,0,25,11&apos;" hotimage="file=&apos;norm_btn.png&apos; source=&apos;25,0,50,11&apos;" pushedimage="file=&apos;norm_btn.png&apos; source=&apos;50,0,75,11&apos;" />
            <Button name="min_btn" float="true" pos="405,7,430,18" textcolor="#FF000000" disabledtextcolor="#FFA7A6AA" align="center" normalimage="file=&apos;min_btn.png&apos; source=&apos;0,0,25,11&apos;" hotimage="file=&apos;min_btn.png&apos; source=&apos;25,0,50,11&apos;" pushedimage="file=&apos;min_btn.png&apos; source=&apos;50,0,75,11&apos;" />
        </HorizontalLayout>
        <HorizontalLayout name="lower_layout" pos="0,25,490,275" width="490" height="250">
            <VerticalLayout name="about_left_layout" pos="0,0,5,250" width="5" height="250" />
            <VerticalLayout name="about_layout" pos="5,0,485,250" width="480" height="250">
                <Text name="msg_txt" float="true" pos="2,0,480,218" bkcolor="#FFFFFBF0" textpadding="2,0,2,0" align="wrap" />
                <Button name="yes_btn" text="Yes" float="true" pos="14,221,82,245" textcolor="#FF000000" disabledtextcolor="#FFA7A6AA" normalimage="file=&apos;button_nor.png&apos; dest=&apos;0,0,75,24&apos; source=&apos;0,0,75,24&apos;" hotimage="file=&apos;button_over.png&apos; dest=&apos;0,0,75,24&apos; source=&apos;0,0,75,24&apos;" pushedimage="file=&apos;button_down.png&apos; dest=&apos;0,0,75,24&apos; source=&apos;0,0,75,24&apos;" />
                <Button name="no_btn" text="No" float="true" pos="400,221,470,245" textcolor="#FF000000" disabledtextcolor="#FFA7A6AA" align="center" normalimage="file=&apos;button_nor.png&apos; dest=&apos;0,0,75,24&apos; source=&apos;0,0,75,24&apos;" hotimage="file=&apos;button_over.png&apos; dest=&apos;0,0,75,24&apos; source=&apos;0,0,75,24&apos;" pushedimage="file=&apos;button_down.png&apos; dest=&apos;0,0,75,24&apos; source=&apos;0,0,75,24&apos;" />
            </VerticalLayout>
            <VerticalLayout name="about_right_layout" pos="485,0,493,250" width="8" height="250" />
            <HorizontalLayout name="HorizontalLayoutUI1" pos="255,238,315,268" width="60" height="30" />
        </HorizontalLayout>
    </VerticalLayout>
</Window>
