<?xml version="1.0" encoding="utf-8" standalone="yes" ?>
<Window size="385,335" sizebox="4,4,6,6" caption="0,0,0,36" roundcorner="4,4">
    <Font name="宋体" size="12" bold="false" italic="false" default="true" />
    <VerticalLayout name="form_layout" pos="0,0,385,342" width="385" height="342">
        <HorizontalLayout name="caption_layout" pos="260,70,645,95" width="385" height="25">
            <Text name="title_txt" text="POP3邮件通信设置:" float="true" pos="26,4,137,21" textpadding="4,3,4,3" textcolor="#00FFFBF0" disabledtextcolor="#FFA7A6AA" align="wrap" />
            <Button name="close_btn" float="true" pos="353,7,378,18" textcolor="#FF000000" disabledtextcolor="#FFA7A6AA" align="center" normalimage="file=&apos;close_btn.png&apos; source=&apos;0,0,25,11&apos; mask=&apos;0xffff00ff&apos;" hotimage="file=&apos;close_btn.png&apos; source=&apos;0,0,25,11&apos; mask=&apos;0xffff00ff&apos;" pushedimage="file=&apos;close_btn.png&apos; source=&apos;0,0,25,11&apos; mask=&apos;0xffff00ff&apos;" hotbkclr="#0F8FC42E" pushedbkclr="#0F749A2E" bkfade="130" bkstyle="2" />
        </HorizontalLayout>
        <HorizontalLayout name="container_layout" pos="0,25,385,335" width="385" height="310">
            <VerticalLayout name="left_brd_layout" pos="84,73,89,378" width="5" height="305" />
            <VerticalLayout name="middle_contianer_layout" pos="5,0,380,305" width="375" height="305">
                <HorizontalLayout name="middle_layout" pos="0,3,375,308" width="375" height="305" bkcolor="#FFFFFBF0">
                    <Edit name="name_edit" float="true" pos="22,48,202,66" bkcolor="#FFFFFFFF" bordercolor="#0000D1A0" textpadding="4,3,4,3" textcolor="#FF000000" disabledtextcolor="#FFA7A6AA" />
                    <Edit name="email_edit" float="true" pos="21,94,201,112" bkcolor="#FFFFFFFF" bordercolor="#0000D1A0" textpadding="4,3,4,3" textcolor="#FF000000" disabledtextcolor="#FFA7A6AA" />
                    <Edit name="server_edit" float="true" pos="21,138,201,156" bkcolor="#FFFFFFFF" bordercolor="#0000D1A0" textpadding="4,3,4,3" textcolor="#FF000000" disabledtextcolor="#FFA7A6AA" />
                    <Edit name="port_edit" text="110" float="true" pos="21,183,201,201" bkcolor="#FFFFFFFF" bordercolor="#0000D1A0" textpadding="4,3,4,3" textcolor="#FF000000" disabledtextcolor="#FFA7A6AA" />
                    <Button name="apply_btn" text="确定" float="true" pos="287,261,362,284" textcolor="#FF000000" disabledtextcolor="#FFA7A6AA" align="center" normalimage="file=&apos;button_nor.png&apos; dest=&apos;0,0,75,24&apos; source=&apos;0,0,75,24&apos;" hotimage="file=&apos;button_over.png&apos; dest=&apos;0,0,75,24&apos; source=&apos;0,0,75,24&apos;" pushedimage="file=&apos;button_down.png&apos; dest=&apos;0,0,75,24&apos; source=&apos;0,0,75,24&apos;" />
                    <Text name="email_txt" text="邮件帐号:" float="true" pos="21,74,79,88" textpadding="2,0,2,0" textcolor="#FF000000" disabledtextcolor="#FFA7A6AA" align="wrap" />
                    <Text name="server_txt" text="SMTP邮件服务器:" float="true" pos="22,120,119,133" textpadding="2,0,2,0" textcolor="#FF000000" disabledtextcolor="#FFA7A6AA" align="wrap" />
                    <Text name="port_txt" text="服务器端口:" float="true" pos="21,165,91,178" textpadding="2,0,2,0" textcolor="#FF000000" disabledtextcolor="#FFA7A6AA" align="wrap" />
                    <Text name="name_txt" text="显示名称:" float="true" pos="20,28,80,42" textpadding="2,0,2,0" textcolor="#FF000000" disabledtextcolor="#FFA7A6AA" align="wrap" />
                    <Text name="smtp_tip_txt" text="如:pop.sohu.com" float="true" pos="123,120,233,133" textpadding="2,0,2,0" textcolor="#FF000000" disabledtextcolor="#FFA7A6AA" align="wrap" />
                    <Text name="name_tip_txt" text="不是邮件帐号,用来显示的名称(如:john)" float="true" pos="85,28,329,42" textpadding="2,0,2,0" textcolor="#FF000000" disabledtextcolor="#FFA7A6AA" align="wrap" />
                    <Text name="email_tip_txt" text="邮件帐号(如:john@sohu.com)" float="true" pos="84,74,319,88" textpadding="2,0,2,0" textcolor="#FF000000" disabledtextcolor="#FFA7A6AA" align="wrap" />
                    <Text name="port_tip_txt" text="默认为110,请确认" float="true" pos="96,165,231,178" textpadding="2,0,2,0" textcolor="#FF000000" disabledtextcolor="#FFA7A6AA" align="wrap" />
                    <Edit name="pwd_edit" float="true" pos="22,227,202,245" bkcolor="#FFFFFFFF" textpadding="4,3,4,3" textcolor="#FF000000" disabledtextcolor="#FFA7A6AA" password="true" />
                    <Text name="pwd_txt" text="邮件帐号密码: (不需要密码则置空)" float="true" pos="21,210,219,223" textpadding="2,0,2,0" textcolor="#FF000000" disabledtextcolor="#FFA7A6AA" align="wrap" />
                    <Button name="test_btn" text="测试" float="true" pos="198,261,273,284" textcolor="#FF000000" disabledtextcolor="#FFA7A6AA" align="center" />
                </HorizontalLayout>
                <HorizontalLayout name="bottom_brd_layout" pos="436,171,821,176" width="385" height="5" />
            </VerticalLayout>
            <VerticalLayout name="right_brd_layout" pos="546,126,551,431" width="5" height="305" />
        </HorizontalLayout>
    </VerticalLayout>
</Window>
