<?xml version="1.0" encoding="utf-8"?>
<Window bktrans="true" size="120,62">
 <Font name="宋体" size="13" bold="false"/>
 <Font name="宋体" size="12"/>
<VerticalLayout bkimage="file='menu_bk.png' corner='40,8,8,8'" hole="false">
	<List header="hidden" inset="8,8,8,8" itemhotimage="file='menu_hot_bk.png' corner='2,2,2,2'" itemdisabledbkcolor="#20000000">
		<ListContainerElement name="menu_edit" height="22" inset="40,0,0,0">
			<Label text="编辑" mouse="false"/>
		</ListContainerElement>
		<ListContainerElement name="menu_del" height="22" inset="40,0,0,0">
			<Label text="删除" mouse="false"/>
		</ListContainerElement>
	</List>
</VerticalLayout>
</Window>