<?xml version="1.0" encoding="utf-8" standalone="yes" ?>
<Window size="770,560" sizebox="4,4,6,6" caption="0,0,0,25" mininfo="770,560" roundcorner="5,5">
  <Font name="宋体" size="19" bold="false" italic="false" />
  <Font name="黑体" size="15" bold="true" italic="false" />
  <Font name="MS Sans Serif" size="9" bold="true" italic="false" />
  <Font name="方正姚体" size="28" bold="false" italic="false" />
  <Font name="方正姚体" size="19" bold="false" italic="false" />
  <Font name="MS Sans Serif" size="23" bold="true" italic="false" />
  <Font name="MS Sans Serif" size="13" bold="true" italic="false" />
  <Font name="黑体" size="31" bold="false" italic="false" />
  <Font name="黑体" size="19" bold="false" italic="false" />
  <Font name="宋体" size="13" bold="false" italic="false" />
  <Font name="宋体" size="12" bold="false" italic="false" />
  <Font name="宋体" size="10" bold="false" italic="false" />
  <Font name="MS Sans Serif" size="8" bold="false" italic="false" />

  <Default name="VScrollBar" value="bordercolor=&quot;#ffbbbbbb&quot; button1normalimage=&quot;file=&apos;vscroll.png&apos; source=&apos;0,0,16,16&apos;&quot; button1hotimage=&quot;file=&apos;vscroll.png&apos; source=&apos;0,0,16,16&apos; mask=&apos;#FFFF00FF&apos;&quot; button1pushedimage=&quot;file=&apos;vscroll.png&apos; source=&apos;0,16,16,32&apos; mask=&apos;#FFFF00FF&apos;&quot; button1disabledimage=&quot;file=&apos;vscroll.png&apos; source=&apos;0,0,16,16&apos; mask=&apos;#FFFF00FF&apos;&quot; button2normalimage=&quot;file=&apos;vscroll.png&apos; source=&apos;0,32,16,48&apos; mask=&apos;#FFFF00FF&apos;&quot; button2hotimage=&quot;file=&apos;vscroll.png&apos; source=&apos;0,32,16,48&apos; mask=&apos;#FFFF00FF&apos;&quot; button2pushedimage=&quot;file=&apos;vscroll.png&apos; source=&apos;0,48,16,64&apos; mask=&apos;#FFFF00FF&apos;&quot; button2disabledimage=&quot;file=&apos;vscroll.png&apos; source=&apos;0,32,16,48&apos; mask=&apos;#FFFF00FF&apos;&quot; thumbnormalimage=&quot;file=&apos;vscroll.png&apos; source=&apos;0,64,16,80&apos; corner=&apos;2,2,2,2&apos; mask=&apos;#FFFF00FF&apos;&quot; thumbhotimage=&quot;file=&apos;vscroll.png&apos; source=&apos;0,64,16,80&apos; corner=&apos;2,2,2,2&apos; mask=&apos;#FFFF00FF&apos;&quot; thumbpushedimage=&quot;ffile=&apos;vscroll.png&apos; source=&apos;0,64,16,80&apos; corner=&apos;2,2,2,2&apos; mask=&apos;#FFFF00FF&apos;&quot; thumbdisabledimage=&quot;file=&apos;vscroll.png&apos; source=&apos;0,64,16,80&apos; corner=&apos;2,2,2,2&apos; mask=&apos;#FFFF00FF&apos;&quot; railnormalimage=&quot;file=&apos;vscroll.png&apos; source=&apos;0,80,16,96&apos; corner=&apos;2,2,2,2&apos; mask=&apos;#FFFF00FF&apos;&quot; railhotimage=&quot;file=&apos;vscroll.png&apos; source=&apos;0,80,16,96&apos; corner=&apos;2,2,2,2&apos; mask=&apos;#FFFF00FF&apos;&quot; railpushedimage=&quot;file=&apos;vscroll.png&apos; source=&apos;0,96,16,112&apos; corner=&apos;2,2,2,2&apos; mask=&apos;#FFFF00FF&apos;&quot; raildisabledimage=&quot;file=&apos;vscroll.png&apos; source=&apos;0,80,16,96&apos; corner=&apos;2,2,2,2&apos; mask=&apos;#FFFF00FF&apos;&quot; bknormalimage=&quot;file=&apos;vscroll.png&apos; source=&apos;0,128,16,146&apos; corner=&apos;2,2,2,2&apos; mask=&apos;#FFFF00FF&apos;&quot; bkhotimage=&quot;file=&apos;vscroll.png&apos; source=&apos;0,128,16,146&apos; corner=&apos;2,2,2,2&apos; mask=&apos;#FFFF00FF&apos;&quot; bkpushedimage=&quot;file=&apos;vscroll.png&apos; source=&apos;0,128,16,146&apos; corner=&apos;2,2,2,2&apos; mask=&apos;#FFFF00FF&apos;&quot; bkdisabledimage=&quot;file=&apos;vscroll.png&apos; source=&apos;0,128,16,146&apos; corner=&apos;2,2,2,2&apos; mask=&apos;#FFFF00FF&apos;&quot; " />
  <Default name="HScrollBar" value="bordercolor=&quot;#ffbbbbbb&quot; button1normalimage=&quot;file=&apos;hscroll.png&apos; source=&apos;0,0,16,16&apos;&quot; button1hotimage=&quot;file=&apos;hscroll.png&apos; source=&apos;0,0,16,16&apos; mask=&apos;#FFFF00FF&apos;&quot; button1pushedimage=&quot;file=&apos;hscroll.png&apos; source=&apos;0,16,16,32&apos; mask=&apos;#FFFF00FF&apos;&quot; button1disabledimage=&quot;file=&apos;hscroll.png&apos; source=&apos;0,0,16,16&apos; mask=&apos;#FFFF00FF&apos;&quot; button2normalimage=&quot;file=&apos;hscroll.png&apos; source=&apos;0,32,16,48&apos; mask=&apos;#FFFF00FF&apos;&quot; button2hotimage=&quot;file=&apos;hscroll.png&apos; source=&apos;0,32,16,48&apos; mask=&apos;#FFFF00FF&apos;&quot; button2pushedimage=&quot;file=&apos;hscroll.png&apos; source=&apos;0,48,16,64&apos; mask=&apos;#FFFF00FF&apos;&quot; button2disabledimage=&quot;file=&apos;hscroll.png&apos; source=&apos;0,32,16,48&apos; mask=&apos;#FFFF00FF&apos;&quot; thumbnormalimage=&quot;file=&apos;hscroll.png&apos; source=&apos;0,64,16,80&apos; corner=&apos;2,2,2,2&apos; mask=&apos;#FFFF00FF&apos;&quot; thumbhotimage=&quot;file=&apos;hscroll.png&apos; source=&apos;0,64,16,80&apos; corner=&apos;2,2,2,2&apos; mask=&apos;#FFFF00FF&apos;&quot; thumbpushedimage=&quot;ffile=&apos;hscroll.png&apos; source=&apos;0,64,16,80&apos; corner=&apos;2,2,2,2&apos; mask=&apos;#FFFF00FF&apos;&quot; thumbdisabledimage=&quot;file=&apos;hscroll.png&apos; source=&apos;0,64,16,80&apos; corner=&apos;2,2,2,2&apos; mask=&apos;#FFFF00FF&apos;&quot; railnormalimage=&quot;file=&apos;hscroll.png&apos; source=&apos;0,80,16,96&apos; corner=&apos;2,2,2,2&apos; mask=&apos;#FFFF00FF&apos;&quot; railhotimage=&quot;file=&apos;hscroll.png&apos; source=&apos;0,80,16,96&apos; corner=&apos;2,2,2,2&apos; mask=&apos;#FFFF00FF&apos;&quot; railpushedimage=&quot;file=&apos;hscroll.png&apos; source=&apos;0,96,16,112&apos; corner=&apos;2,2,2,2&apos; mask=&apos;#FFFF00FF&apos;&quot; raildisabledimage=&quot;file=&apos;hscroll.png&apos; source=&apos;0,80,16,96&apos; corner=&apos;2,2,2,2&apos; mask=&apos;#FFFF00FF&apos;&quot; bknormalimage=&quot;file=&apos;hscroll.png&apos; source=&apos;0,128,16,146&apos; corner=&apos;2,2,2,2&apos; mask=&apos;#FFFF00FF&apos;&quot; bkhotimage=&quot;file=&apos;hscroll.png&apos; source=&apos;0,128,16,146&apos; corner=&apos;2,2,2,2&apos; mask=&apos;#FFFF00FF&apos;&quot; bkpushedimage=&quot;file=&apos;hscroll.png&apos; source=&apos;0,128,16,146&apos; corner=&apos;2,2,2,2&apos; mask=&apos;#FFFF00FF&apos;&quot; bkdisabledimage=&quot;file=&apos;hscroll.png&apos; source=&apos;0,128,16,146&apos; corner=&apos;2,2,2,2&apos; mask=&apos;#FFFF00FF&apos;&quot; " />
  <VerticalLayout name="form_layout" pos="3,0,3,0" bkimage="green_grass.jpg" bkcolor="#FF35393D" inset="1,0,1,0">
    <HorizontalLayout name="caption_layout" height="24">
  <VerticalLayout />
  <VerticalLayout width="162">
    <Button name="close_btn" tooltip="关闭" float="true" pos="-56,7,-30,18" textcolor="#FF000000" disabledtextcolor="#FFA7A6AA" align="center" normalimage="file=&apos;close_btn.png&apos; source=&apos;0,0,25,11&apos; mask=&apos;0xffff00ff&apos;" hotimage="file=&apos;close_btn.png&apos; source=&apos;0,0,25,11&apos; mask=&apos;0xffff00ff&apos;" pushedimage="file=&apos;close_btn.png&apos; source=&apos;0,0,25,11&apos; mask=&apos;0xffff00ff&apos;" hotbkclr="#0F8FC42E" pushedbkclr="#0F749A2E" bkfade="130" bkstyle="2" />
    <Button name="nor_btn" tooltip="还原" visible="false" float="true" pos="-83,7,-57,18" textcolor="#FF000000" disabledtextcolor="#FFA7A6AA" align="center" normalimage="file=&apos;norm_btn.png&apos; source=&apos;0,0,25,11&apos; mask=&apos;0xffff00ff&apos;" hotimage="file=&apos;norm_btn.png&apos; source=&apos;0,0,25,11&apos; mask=&apos;0xffff00ff&apos;" pushedimage="file=&apos;norm_btn.png&apos; source=&apos;0,0,25,11&apos; mask=&apos;0xffff00ff&apos;" hotbkclr="#0F8FC42E" pushedbkclr="#0F749A2E" bkfade="130" bkstyle="2" />
    <Button name="max_btn" tooltip="最大化" float="true" pos="-83,7,-57,18" textcolor="#FF000000" disabledtextcolor="#FFA7A6AA" align="center" normalimage="file=&apos;max_btn.png&apos; source=&apos;0,0,25,11&apos; mask=&apos;0xffff00ff&apos;" hotimage="file=&apos;max_btn.png&apos; source=&apos;0,0,25,11&apos; mask=&apos;0xffff00ff&apos;" pushedimage="file=&apos;max_btn.png&apos; source=&apos;0,0,25,11&apos; mask=&apos;0xffff00ff&apos;" hotbkclr="#0F8FC42E" pushedbkclr="#0F749A2E" bkfade="130" bkstyle="2" />
    <Button name="min_btn" tooltip="最小化" float="true" pos="-113,7,-84,18" textcolor="#FF000000" disabledtextcolor="#FFA7A6AA" align="center" normalimage="file=&apos;min_btn.png&apos; source=&apos;0,0,25,11&apos; mask=&apos;0xffff00ff&apos;" hotimage="file=&apos;min_btn.png&apos; source=&apos;0,0,25,11&apos; mask=&apos;0xffff00ff&apos;" pushedimage="file=&apos;min_btn.png&apos; source=&apos;0,0,25,11&apos; mask=&apos;0xffff00ff&apos;" hotbkclr="#0F8FC42E" pushedbkclr="#0F749A2E" bkfade="130" bkstyle="2" />
    <Button name="ui_btn" tooltip="皮肤..." float="true" pos="-133,3,-113,23" textcolor="#FF000000" disabledtextcolor="#FFA7A6AA" align="center" normalimage="file=&apos;ui_btn_nor.png&apos; dest=&apos;3,3,17,17&apos; source=&apos;0,0,14,14&apos; mask=&apos;0xffff00ff&apos;" hotimage="file=&apos;ui_btn_hot.png&apos; source=&apos;0,0,20,20&apos; mask=&apos;0xffff00ff&apos;" pushedimage="file=&apos;ui_btn_down.png&apos; source=&apos;0,0,20,20&apos; mask=&apos;0xffff00ff&apos;" />
  </VerticalLayout>
</HorizontalLayout>
<HorizontalLayout name="nav_bar_layout" pos="1,25,0,80" relativebase="768,40">
  <Label name="logo_icon" bordersize="0" float="true" pos="16,6,36,32" bkimage="file=&apos;logo.png&apos; source=&apos;0,0,20,26&apos; mask=&apos;0xff000000&apos;" textpadding="2,6,2,0" textcolor="#00FFFBF0" disabledtextcolor="#FFA7A6AA" font="4" align="centerwrap" />
  <Text name="static_logo" text="比特跟踪" bordersize="0" float="true" pos="27,1,135,41" textpadding="2,6,2,0" textcolor="#00FFFBF0" disabledtextcolor="#FFA7A6AA" font="4" align="centerwrap" />
  <Option name="trace_btn" text="跟踪" float="true" pos="144,1,298,41" relativepos="5,0,30,0" textpadding="20,6,0,0" textcolor="#00FFFBF0" disabledtextcolor="#00A0A0A4" font="3" align="top" normalimage="file=&apos;summary_btn.png&apos; source=&apos;0,0,154,40&apos; mask=&apos;0xff000000&apos;" hotimage="file=&apos;summary_btn.png&apos; source=&apos;0,0,154,40&apos; mask=&apos;0xff000000&apos;" pushedimage="file=&apos;summary_btn.png&apos; source=&apos;0,0,154,40&apos; mask=&apos;0xff000000&apos;"  bkstyle="4" group="navi_bar" selectedimage="file=&apos;summary_btn.png&apos; source=&apos;0,0,154,40&apos; mask=&apos;0xff000000&apos;" />
  <Option name="trigger_btn" text="工具" float="true" pos="299,1,453,41" relativepos="35,0,30,0" textpadding="20,6,0,0" textcolor="#00FFFBF0" disabledtextcolor="#FFA7A6AA" font="3" align="top" normalimage="file=&apos;net_manage_btn.png&apos; source=&apos;0,0,154,40&apos; mask=&apos;0xff000000&apos;" hotimage="file=&apos;net_manage_btn.png&apos; source=&apos;0,0,154,40&apos; mask=&apos;0xff000000&apos;" pushedimage="file=&apos;net_manage_btn.png&apos; source=&apos;0,0,154,40&apos; mask=&apos;0xff000000&apos;" bkstyle="4" group="navi_bar" selectedimage="file=&apos;net_manage_btn.png&apos; source=&apos;0,0,154,40&apos; mask=&apos;0xff000000&apos;" />
  <Option name="about_btn" text="关于" float="true" pos="455,1,609,41" relativepos="65,0,30,0" textpadding="20,6,0,0" textcolor="#00FFFBF0" disabledtextcolor="#FFA7A6AA" font="3" align="top" normalimage="file=&apos;sys_manage_btn.png&apos; source=&apos;0,0,154,40&apos; mask=&apos;0xff000000&apos;" hotimage="file=&apos;sys_manage_btn.png&apos; source=&apos;0,0,154,40&apos; mask=&apos;0xff000000&apos;" pushedimage="file=&apos;sys_manage_btn.png&apos; source=&apos;0,0,154,40&apos; mask=&apos;0xff000000&apos;" bkstyle="4" group="navi_bar" selectedimage="file=&apos;sys_manage_btn.png&apos; source=&apos;0,0,154,40&apos; mask=&apos;0xff000000&apos;" />
</HorizontalLayout>
  </VerticalLayout>
</Window>
